position,max_score,switch_count,global_threshold,badasp_score
1,0.029310000000000058,0,1.2544223742467318,0.029310000000000058
2,1.0880089774306776,0,1.2544223742467318,1.0880089774306776
3,0.9477899995565131,0,1.2544223742467318,0.9477899995565131
4,1.0404870967741937,0,1.2544223742467318,1.0404870967741937
5,0.8678730601092897,0,1.2544223742467318,0.8678730601092897
6,1.4763702097902098,1,1.2544223742467318,1.4763702097902098
7,1.3239418686868687,1,1.2544223742467318,1.3239418686868687
8,0.8985748575985418,0,1.2544223742467318,0.8985748575985418
9,1.2868516666666667,1,1.2544223742467318,1.2868516666666667
10,0.960909533837799,0,1.2544223742467318,0.960909533837799
11,1.4408094444444444,2,1.2544223742467318,1.4408094444444444
12,1.4085896173718755,1,1.2544223742467318,1.4085896173718755
13,-0.33061833333333335,0,1.2544223742467318,-0.33061833333333335
14,1.4998872222222221,1,1.2544223742467318,1.4998872222222221
15,1.2457264869705584,0,1.2544223742467318,1.2457264869705584
16,-0.32922833333333335,0,1.2544223742467318,-0.32922833333333335
17,0.9533773809523809,0,1.2544223742467318,0.9533773809523809
18,1.2521485787571593,0,1.2544223742467318,1.2521485787571593
19,-0.25949445197724363,0,1.2544223742467318,-0.25949445197724363
20,1.2899771257758788,1,1.2544223742467318,1.2899771257758788
21,1.3442451844030083,1,1.2544223742467318,1.3442451844030083
22,1.259577380952381,1,1.2544223742467318,1.259577380952381
23,-0.4653666666666667,0,1.2544223742467318,-0.4653666666666667
24,1.2169765630782217,0,1.2544223742467318,1.2169765630782217
25,1.2862676699415023,2,1.2544223742467318,1.2862676699415023
26,1.4374301649364936,2,1.2544223742467318,1.4374301649364936
27,1.4440997113997116,5,1.2544223742467318,1.4440997113997116
28,1.0773329004329004,0,1.2544223742467318,1.0773329004329004
29,1.2869994210080749,1,1.2544223742467318,1.2869994210080749
30,1.403658073720002,5,1.2544223742467318,1.403658073720002
31,1.3092155278188211,1,1.2544223742467318,1.3092155278188211
32,1.321308366968113,2,1.2544223742467318,1.321308366968113
33,1.2983957142857143,2,1.2544223742467318,1.2983957142857143
34,1.3863964187972844,2,1.2544223742467318,1.3863964187972844
35,1.3257630952380954,1,1.2544223742467318,1.3257630952380954
36,1.2854052780926097,2,1.2544223742467318,1.2854052780926097
37,1.3714754761904762,1,1.2544223742467318,1.3714754761904762
38,1.3651304879333512,2,1.2544223742467318,1.3651304879333512
39,-0.08451354216546958,0,1.2544223742467318,-0.08451354216546958
40,1.4193882894125993,4,1.2544223742467318,1.4193882894125993
41,1.292173430599135,1,1.2544223742467318,1.292173430599135
42,1.5205031724484666,4,1.2544223742467318,1.5205031724484666
43,1.527229214365881,2,1.2544223742467318,1.527229214365881
44,1.419186324758948,7,1.2544223742467318,1.419186324758948
45,1.4512868714605416,1,1.2544223742467318,1.4512868714605416
46,1.581840807800434,10,1.2544223742467318,1.581840807800434
47,1.244509183006536,0,1.2544223742467318,1.244509183006536
48,-0.38191138918882284,0,1.2544223742467318,-0.38191138918882284
49,1.5157485714285714,3,1.2544223742467318,1.5157485714285714
50,1.2020925584585842,0,1.2544223742467318,1.2020925584585842
51,1.4657913296867555,2,1.2544223742467318,1.4657913296867555
52,-0.42036441822883003,0,1.2544223742467318,-0.42036441822883003
53,1.2356559646917695,0,1.2544223742467318,1.2356559646917695
54,1.2813713831182725,1,1.2544223742467318,1.2813713831182725
55,1.1374554740815384,0,1.2544223742467318,1.1374554740815384
56,-0.4023334310810107,0,1.2544223742467318,-0.4023334310810107
57,1.1941177777777778,0,1.2544223742467318,1.1941177777777778
58,-0.26424269841269843,0,1.2544223742467318,-0.26424269841269843
59,1.1086192898661085,0,1.2544223742467318,1.1086192898661085
60,1.3664740190156897,1,1.2544223742467318,1.3664740190156897
61,1.2303841269841271,0,1.2544223742467318,1.2303841269841271
62,1.336537343079271,1,1.2544223742467318,1.336537343079271
63,1.399315,2,1.2544223742467318,1.399315
64,1.2240171122559171,0,1.2544223742467318,1.2240171122559171
65,1.3317435949121348,3,1.2544223742467318,1.3317435949121348
66,1.3950469484407808,6,1.2544223742467318,1.3950469484407808
67,1.1897105835729618,0,1.2544223742467318,1.1897105835729618
68,1.1890449319727892,0,1.2544223742467318,1.1890449319727892
69,1.1975788078403413,0,1.2544223742467318,1.1975788078403413
70,1.3289407142857144,1,1.2544223742467318,1.3289407142857144
71,1.042764126984127,0,1.2544223742467318,1.042764126984127
72,1.2786243145743146,1,1.2544223742467318,1.2786243145743146
73,1.3845401379941338,2,1.2544223742467318,1.3845401379941338
74,1.2545164717502724,1,1.2544223742467318,1.2545164717502724
75,1.3520764006156334,2,1.2544223742467318,1.3520764006156334
76,1.281139512762226,2,1.2544223742467318,1.281139512762226
77,1.2659520349344602,1,1.2544223742467318,1.2659520349344602
78,1.40922,3,1.2544223742467318,1.40922
79,1.3371869940638204,1,1.2544223742467318,1.3371869940638204
80,1.3641595015596513,3,1.2544223742467318,1.3641595015596513
81,1.186171504408617,0,1.2544223742467318,1.186171504408617
82,1.3531044779989352,2,1.2544223742467318,1.3531044779989352
83,1.033553359252833,0,1.2544223742467318,1.033553359252833
84,1.178015,0,1.2544223742467318,1.178015
85,1.3430130017803843,2,1.2544223742467318,1.3430130017803843
86,1.3321580426980426,1,1.2544223742467318,1.3321580426980426
87,1.1084434409766033,0,1.2544223742467318,1.1084434409766033
88,1.2832483348712356,1,1.2544223742467318,1.2832483348712356
89,1.1227345367651855,0,1.2544223742467318,1.1227345367651855
90,1.181816127946128,0,1.2544223742467318,1.181816127946128
91,1.2786028668208185,1,1.2544223742467318,1.2786028668208185
92,1.1424773789173788,0,1.2544223742467318,1.1424773789173788
93,1.4193451492253588,1,1.2544223742467318,1.4193451492253588
94,1.0471984067085953,0,1.2544223742467318,1.0471984067085953
95,1.3053040184613727,3,1.2544223742467318,1.3053040184613727
96,1.1984142167981429,0,1.2544223742467318,1.1984142167981429
97,1.1510921110403545,0,1.2544223742467318,1.1510921110403545
98,1.2529092851383705,0,1.2544223742467318,1.2529092851383705
99,1.3129789898989899,2,1.2544223742467318,1.3129789898989899
100,1.5847807575757575,3,1.2544223742467318,1.5847807575757575
101,1.375634761904762,2,1.2544223742467318,1.375634761904762
102,1.3070856969859626,1,1.2544223742467318,1.3070856969859626
103,0.8617765079365078,0,1.2544223742467318,0.8617765079365078
104,1.0608526885540654,0,1.2544223742467318,1.0608526885540654
105,1.2472630952380952,0,1.2544223742467318,1.2472630952380952
106,1.2822268170698012,2,1.2544223742467318,1.2822268170698012
107,1.4382811632659793,2,1.2544223742467318,1.4382811632659793
108,1.4315504815715685,2,1.2544223742467318,1.4315504815715685
109,1.4486774382570593,3,1.2544223742467318,1.4486774382570593
110,1.3702630482435503,2,1.2544223742467318,1.3702630482435503
111,1.4109816666666668,1,1.2544223742467318,1.4109816666666668
112,1.3847803190599641,2,1.2544223742467318,1.3847803190599641
113,1.3706302573292897,3,1.2544223742467318,1.3706302573292897
114,1.3271569672333086,1,1.2544223742467318,1.3271569672333086
115,1.390546250592789,3,1.2544223742467318,1.390546250592789
116,1.2942275163398693,1,1.2544223742467318,1.2942275163398693
117,1.2382673187480013,0,1.2544223742467318,1.2382673187480013
118,1.3576001047429547,4,1.2544223742467318,1.3576001047429547
119,1.1744334325179506,0,1.2544223742467318,1.1744334325179506
120,1.297161728169844,2,1.2544223742467318,1.297161728169844
121,1.3660157142857143,2,1.2544223742467318,1.3660157142857143
122,1.3217696951067128,1,1.2544223742467318,1.3217696951067128
123,1.4558295572638622,2,1.2544223742467318,1.4558295572638622
124,1.3166922222222222,2,1.2544223742467318,1.3166922222222222
125,1.006109523809524,0,1.2544223742467318,1.006109523809524
126,1.2475702035002034,0,1.2544223742467318,1.2475702035002034
127,1.5062156447624093,2,1.2544223742467318,1.5062156447624093
128,1.3050688618005066,1,1.2544223742467318,1.3050688618005066
129,1.2309427512068476,0,1.2544223742467318,1.2309427512068476
130,1.3222221671249201,3,1.2544223742467318,1.3222221671249201
131,1.477738569455236,3,1.2544223742467318,1.477738569455236
132,1.2127953669603837,0,1.2544223742467318,1.2127953669603837
133,1.3313645547045547,3,1.2544223742467318,1.3313645547045547
134,1.3020000208283267,1,1.2544223742467318,1.3020000208283267
135,1.293491920856662,1,1.2544223742467318,1.293491920856662
136,1.3021921203377491,1,1.2544223742467318,1.3021921203377491
137,1.0425449210163658,0,1.2544223742467318,1.0425449210163658
138,1.5222566666666666,4,1.2544223742467318,1.5222566666666666
139,1.3940022772283895,2,1.2544223742467318,1.3940022772283895
140,1.601156111111111,1,1.2544223742467318,1.601156111111111
141,1.4991655555555556,2,1.2544223742467318,1.4991655555555556
142,1.2226550510002865,0,1.2544223742467318,1.2226550510002865
143,1.3406610886782933,2,1.2544223742467318,1.3406610886782933
144,1.4412249715099714,4,1.2544223742467318,1.4412249715099714
145,1.377320238095238,4,1.2544223742467318,1.377320238095238
146,1.4341643624809688,5,1.2544223742467318,1.4341643624809688
147,1.2585700041912906,1,1.2544223742467318,1.2585700041912906
148,1.2491519475948492,0,1.2544223742467318,1.2491519475948492
149,1.2834689120182055,1,1.2544223742467318,1.2834689120182055
150,1.4768868491385159,1,1.2544223742467318,1.4768868491385159
151,1.3206828180702819,3,1.2544223742467318,1.3206828180702819
152,1.2446382187420422,0,1.2544223742467318,1.2446382187420422
153,1.041252377067377,0,1.2544223742467318,1.041252377067377
154,1.1082498436654764,0,1.2544223742467318,1.1082498436654764
155,1.3023420767642144,1,1.2544223742467318,1.3023420767642144
156,1.1067475837373846,0,1.2544223742467318,1.1067475837373846
157,1.3629506530214426,1,1.2544223742467318,1.3629506530214426
158,1.1543033333333332,0,1.2544223742467318,1.1543033333333332
159,1.1362269047619047,0,1.2544223742467318,1.1362269047619047
160,1.1538,0,1.2544223742467318,1.1538
161,1.3818225402146536,2,1.2544223742467318,1.3818225402146536
162,0.8461011111111112,0,1.2544223742467318,0.8461011111111112
163,1.08366,0,1.2544223742467318,1.08366
164,0.9253522239943293,0,1.2544223742467318,0.9253522239943293
165,1.2649309746588693,1,1.2544223742467318,1.2649309746588693
