level,pair,position,rc,ac,p_ac,score
group,1-2,1,0.6028026905829597,1.0,0.50156,0.10124269058295965
group,1-2,2,0.17483584630350196,1.0,0.16347,0.011365846303501959
group,1-2,3,0.18002764940553778,1.0,0.510505,-0.3304773505944622
group,1-2,4,0.27626548791105754,-1.0,0.39688999999999997,0.6731554879110575
group,1-2,5,0.1435529715762274,-1.0,0.430205,0.5737579715762274
group,1-2,6,0.24549949537355079,1.0,0.46775999999999995,-0.22226050462644917
group,1-2,7,0.2591246412626499,1.0,0.951885,-0.6927603587373501
group,1-2,8,0.2674566265878676,1.0,0.9926250000000001,-0.7251683734121325
group,1-2,9,0.25777677878916855,1.0,0.651865,-0.3940882212108315
group,1-2,10,0.2611030198627098,1.0,0.736735,-0.47563198013729024
group,1-2,11,0.41161844967504224,1.0,0.8005850000000001,-0.38896655032495786
group,1-2,12,0.6000620505083405,1.0,0.977215,-0.37715294949165945
group,1-2,13,0.300147083107578,1.0,0.748575,-0.448427916892422
group,1-2,14,0.3062651379080432,1.0,0.9528449999999999,-0.6465798620919567
group,1-2,15,0.6583247551854422,1.0,0.999215,-0.34089024481455776
group,1-2,16,0.3387451300722234,1.0,0.8921749999999999,-0.5534298699277765
group,1-2,17,0.3879715892384771,1.0,0.9991,-0.6111284107615229
group,1-2,18,0.48115686041538663,1.0,0.803255,-0.3220981395846134
group,1-2,19,0.4590328169713559,1.0,0.902435,-0.4434021830286441
group,1-2,20,0.3079282014982879,1.0,0.5373049999999999,-0.229376798501712
group,1-2,21,0.33006730293035613,-1.0,0.768105,1.0981723029303563
group,1-2,22,0.5318121279286327,1.0,0.9352050000000001,-0.4033928720713673
group,1-2,23,0.34700887242292155,-1.0,0.58789,0.9348988724229216
group,1-2,24,0.34427399704384287,1.0,0.9996149999999999,-0.655341002956157
group,1-2,25,0.5013595033583611,-1.0,0.748775,1.250134503358361
group,1-2,26,0.44550271083680565,1.0,0.933575,-0.4880722891631944
group,1-2,27,0.5956051965760704,1.0,0.957765,-0.3621598034239296
group,1-2,28,0.29077078921465427,1.0,0.951705,-0.6609342107853458
group,1-2,29,0.4098068744720203,-1.0,0.98742,1.3972268744720202
group,1-2,30,0.38252608031001384,1.0,0.7363850000000001,-0.35385891968998623
group,1-2,31,0.348061756119439,1.0,0.98583,-0.637768243880561
group,1-2,32,0.3767667292516568,1.0,0.94418,-0.5674132707483432
group,1-2,33,0.48149094244091795,1.0,0.9909399999999999,-0.509449057559082
group,1-2,34,0.4614001625244904,-1.0,0.851835,1.3132351625244905
group,1-2,35,0.3282180646446574,1.0,0.898215,-0.5699969353553426
group,1-2,36,0.25688262810635304,1.0,0.7304550000000001,-0.47357237189364704
group,1-2,37,0.4332341334704053,1.0,0.58986,-0.15662586652959476
group,1-2,38,0.41518264984127784,1.0,0.989865,-0.5746823501587222
group,1-2,39,0.35363588667320134,1.0,0.79962,-0.44598411332679866
group,1-2,40,0.4294931819047837,1.0,0.646015,-0.2165218180952163
group,1-2,41,0.5100485294961424,1.0,0.6919249999999999,-0.18187647050385747
group,1-2,42,0.32591491605667916,1.0,0.71824,-0.39232508394332083
group,1-2,43,0.5350066452559528,-1.0,0.910635,1.4456416452559528
group,1-2,44,0.49021896390317443,-1.0,0.688445,1.1786639639031744
group,1-2,45,0.41677686887072585,1.0,0.86267,-0.4458931311292742
group,1-2,46,0.3156987937662534,1.0,0.94035,-0.6246512062337466
group,1-2,47,0.5900590554330166,1.0,0.9969250000000001,-0.40686594456698344
group,1-2,48,0.45232477693928297,1.0,0.811855,-0.359530223060717
group,1-2,49,0.35036125864224094,-1.0,0.5186000000000001,0.868961258642241
group,1-2,50,0.48010023252741696,-1.0,0.727275,1.207375232527417
group,1-2,51,0.5143619007884936,1.0,0.992435,-0.4780730992115063
group,1-2,52,0.3384784453547693,1.0,0.97668,-0.6382015546452307
group,1-2,53,0.3345161822430846,1.0,0.764555,-0.4300388177569154
group,1-2,54,0.3755311479386272,1.0,0.46589,-0.09035885206137284
group,1-2,55,0.49181669069802786,1.0,0.99834,-0.5065233093019721
group,1-2,56,0.40695034759451604,-1.0,0.69128,1.098230347594516
group,1-2,57,0.5253598580468386,1.0,0.631545,-0.10618514195316142
group,1-2,58,0.3162279581947172,1.0,0.590485,-0.2742570418052828
group,1-2,59,0.46571095292783415,-1.0,0.669095,1.134805952927834
group,1-2,60,0.592514077482303,-1.0,0.91797,1.510484077482303
group,1-2,61,0.5077538863946631,1.0,0.992185,-0.48443111360533686
group,1-2,62,0.4663005243411642,-1.0,0.668125,1.134425524341164
group,1-2,63,0.3293516697603534,-1.0,0.45562,0.7849716697603535
group,1-2,64,0.3556691037166174,-1.0,0.474905,0.8305741037166174
group,1-2,65,0.2822970415203425,-1.0,0.82775,1.1100470415203425
group,1-2,66,0.2463924171166658,1.0,0.93137,-0.6849775828833342
group,1-2,67,0.2954945991529593,1.0,0.901295,-0.6058004008470407
group,1-2,68,0.22109509712088,1.0,0.69444,-0.47334490287911996
group,1-2,69,0.23025215770624774,1.0,0.7668,-0.5365478422937523
group,1-2,70,0.29832364345269297,-1.0,0.869535,1.167858643452693
group,1-2,71,0.2639974269687991,-1.0,0.512595,0.7765924269687992
group,1-2,72,0.22040904885340917,1.0,0.471055,-0.25064595114659083
group,1-2,73,0.3312591786312825,1.0,0.6554800000000001,-0.32422082136871755
group,1-2,74,0.3253827667585726,1.0,0.47374499999999997,-0.1483622332414274
group,1-2,75,0.4927892364785569,1.0,0.98911,-0.49632076352144316
group,1-2,76,0.2753507772572462,1.0,0.9293899999999999,-0.6540392227427537
group,1-2,77,0.3585489326079191,-1.0,0.479355,0.8379039326079191
group,1-2,78,0.27054399004863405,-1.0,0.600865,0.871408990048634
group,1-2,79,0.43358988210707294,1.0,0.810805,-0.37721511789292705
group,1-2,80,0.33266941430606123,-1.0,0.7804500000000001,1.1131194143060612
group,1-2,81,0.36272963183362206,1.0,0.41434,-0.05161036816637793
group,1-2,82,0.2947490443411201,1.0,0.810115,-0.5153659556588799
group,1-2,83,0.3256184260657768,1.0,0.494845,-0.1692265739342232
group,1-2,84,0.30845922465550846,1.0,0.63982,-0.3313607753444916
group,1-2,85,0.2656422603310096,-1.0,0.585605,0.8512472603310097
group,1-2,86,0.40119670036017197,1.0,0.29200499999999996,0.109191700360172
group,1-2,87,0.343195464358635,-1.0,0.61707,0.960265464358635
group,1-2,88,0.14836303630363037,-1.0,0.225745,0.3741080363036304
group,1-2,89,0.45720540843491664,1.0,0.51892,-0.06171459156508341
group,1-2,90,0.30772099644854467,1.0,0.95685,-0.6491290035514553
group,1-2,91,0.2526929153941582,1.0,0.778555,-0.5258620846058417
group,1-2,92,0.4530154595251548,-1.0,0.66223,1.1152454595251549
group,1-2,93,0.3300567880900291,1.0,0.530295,-0.20023821190997088
group,1-2,94,0.3313951038681244,-1.0,0.601465,0.9328601038681243
group,1-2,95,0.33728863825061445,1.0,0.56437,-0.2270813617493856
group,1-2,96,0.4377435036784067,1.0,0.94151,-0.5037664963215933
group,1-2,97,0.2654329654606663,1.0,0.88809,-0.6226570345393337
group,1-2,98,0.28753054034217473,1.0,0.5903750000000001,-0.30284445965782536
group,1-2,99,0.33322031050562906,-1.0,0.618085,0.951305310505629
group,1-2,100,0.4290550271436698,1.0,0.960165,-0.5311099728563302
group,1-2,101,0.4114684599122063,1.0,0.9884,-0.5769315400877937
group,1-2,102,0.431887503502299,-1.0,0.719625,1.1515125035022988
group,1-2,103,0.24973356241891356,1.0,0.615995,-0.3662614375810864
group,1-2,104,0.3669382227391027,1.0,0.930895,-0.5639567772608973
group,1-2,105,0.4292898224053512,1.0,0.753735,-0.32444517759464886
group,1-2,106,0.3796601442193751,1.0,0.957085,-0.5774248557806249
group,1-2,107,0.4135176828349388,-1.0,0.56582,0.9793376828349387
group,1-2,108,0.3819221961962715,-1.0,0.576085,0.9580071961962715
group,1-2,109,0.391437671423821,1.0,0.6376299999999999,-0.2461923285761789
group,1-2,110,0.5269984615919111,1.0,0.99994,-0.47294153840808895
group,1-2,111,0.31673251195819224,1.0,0.938795,-0.6220624880418077
group,1-2,112,0.3578384590014866,-1.0,0.651625,1.0094634590014866
group,1-2,113,0.49936675121618906,-1.0,0.70214,1.201506751216189
group,1-2,114,0.40547172434087864,1.0,0.812985,-0.4075132756591213
group,1-2,115,0.41236449783785617,-1.0,0.8937200000000001,1.3060844978378563
group,1-2,116,0.4004072227552755,-1.0,0.552135,0.9525422227552756
group,1-2,117,0.3859785262506462,1.0,0.687505,-0.3015264737493538
group,1-2,118,0.41131216700713197,1.0,0.7079,-0.296587832992868
group,1-2,119,0.2719066239911471,1.0,0.361215,-0.08930837600885289
group,1-2,120,0.3800806170856684,1.0,0.596085,-0.21600438291433155
group,1-2,121,0.2686909613013573,-1.0,0.358125,0.6268159613013573
group,1-2,122,0.36312283567457104,-1.0,0.723275,1.0863978356745712
group,1-2,123,0.33761482117356323,1.0,0.8439,-0.5062851788264368
group,1-2,124,0.3405103898097217,1.0,0.96455,-0.6240396101902783
group,1-2,125,0.31128737754939484,1.0,0.89917,-0.5878826224506052
group,1-2,126,0.41027340184094296,1.0,0.98985,-0.579576598159057
group,1-2,127,0.3748751509057847,1.0,0.753625,-0.3787498490942153
group,1-2,128,0.2878518188034238,1.0,0.98272,-0.6948681811965762
group,1-2,129,0.3757572635118668,1.0,0.518845,-0.14308773648813322
group,1-2,130,0.40162212313477197,1.0,0.817685,-0.416062876865228
group,1-2,131,0.4731104803952486,-1.0,0.52719,1.0003004803952487
group,1-2,132,0.30699244198510944,1.0,0.916465,-0.6094725580148905
group,1-2,133,0.35254927088437393,-1.0,0.5203949999999999,0.8729442708843739
group,1-2,134,0.44808527144358984,-1.0,0.697965,1.1460502714435898
group,1-2,135,0.2742399372837697,1.0,0.5626500000000001,-0.2884100627162304
group,1-2,136,0.3142133597730795,1.0,0.67178,-0.35756664022692053
group,1-2,137,0.329289088414068,-1.0,0.51468,0.843969088414068
group,1-2,138,0.3171791801578342,1.0,0.833835,-0.5166558198421658
group,1-2,139,0.3854965355046828,1.0,0.935595,-0.5500984644953171
group,1-2,140,0.4385498898392006,1.0,0.9708399999999999,-0.5322901101607993
group,1-2,141,0.3291176925098222,1.0,0.802925,-0.4738073074901778
group,1-2,142,0.25974305110690965,-1.0,0.791595,1.0513380511069097
group,1-2,143,0.3001821728724124,1.0,0.9953350000000001,-0.6951528271275877
group,1-2,144,0.37940172094482016,-1.0,0.832835,1.2122367209448202
group,1-2,145,0.36209674660057584,1.0,0.78182,-0.4197232533994241
group,1-2,146,0.29708963297035645,1.0,0.57115,-0.2740603670296436
group,1-2,147,0.3095900860688216,1.0,0.37507,-0.06547991393117841
group,1-2,148,0.28889305632828527,1.0,0.9474849999999999,-0.6585919436717147
group,1-2,149,0.38041811462713804,1.0,0.956135,-0.5757168853728619
group,1-2,150,0.33106812268454766,1.0,0.9990300000000001,-0.6679618773154524
group,1-2,151,0.2976462306223637,1.0,0.63418,-0.33653376937763624
group,1-2,152,0.35427330104657345,1.0,0.76772,-0.4134466989534265
group,1-2,153,0.28396180145073524,1.0,0.981975,-0.6980131985492648
group,1-2,154,0.30491304070026326,1.0,0.5989949999999999,-0.2940819592997367
group,1-2,155,0.3936202008410908,-1.0,0.429925,0.8235452008410908
group,1-2,156,0.3741774908440813,-1.0,0.33069000000000004,0.7048674908440813
group,1-2,157,0.41321854478842823,1.0,0.78291,-0.36969145521157176
group,1-2,158,0.3362397187358029,1.0,0.42800499999999997,-0.09176528126419708
group,1-2,159,0.30383712489682824,1.0,0.97577,-0.6719328751031718
group,1-2,160,0.2841604219535254,1.0,0.685685,-0.40152457804647457
group,1-2,161,0.23636699242333048,1.0,0.303195,-0.06682800757666951
group,1-2,162,0.2703765950824774,1.0,0.56706,-0.2966834049175226
group,1-2,163,0.32686541987532086,-1.0,0.40997000000000006,0.7368354198753209
group,1-2,164,0.4236142322097378,-1.0,0.32052,0.7441342322097378
group,1-2,165,0.31202802802802804,1.0,0.420925,-0.10889697197197196
group,1-2,166,0.3836520655270655,1.0,0.42857,-0.04491793447293452
group,1-2,167,0.35550178127310617,-1.0,0.643865,0.9993667812731062
group,1-2,168,0.2508831908831909,1.0,0.5014500000000001,-0.2505668091168092
group,1-2,169,0.3109634551495017,1.0,0.59999,-0.28902654485049833
group,6-9,1,0.2342921219890861,1.0,0.60446,-0.3701678780109139
group,6-9,2,0.22257288082605842,1.0,0.20900999999999997,0.013562880826058443
group,6-9,3,0.22127880956158844,1.0,0.976005,-0.7547261904384116
group,6-9,4,0.21912979611022976,1.0,0.29781,-0.07868020388977026
group,6-9,5,0.2556734036792947,-1.0,0.6485650000000001,0.9042384036792948
group,6-9,6,0.29321618783651066,1.0,0.71542,-0.4222038121634893
group,6-9,7,0.22808652495889192,1.0,0.58777,-0.3596834750411081
group,6-9,8,0.27130974907226435,1.0,0.99938,-0.7280702509277357
group,6-9,9,0.24862646977564262,1.0,0.848555,-0.5999285302243573
group,6-9,10,0.2469973471903637,1.0,0.990305,-0.7433076528096363
group,6-9,11,0.4123611297862054,1.0,0.747235,-0.33487387021379456
group,6-9,12,0.5931870700906041,1.0,0.998425,-0.4052379299093959
group,6-9,13,0.34826613978241583,1.0,0.9837400000000001,-0.6354738602175842
group,6-9,14,0.3502283002298238,1.0,0.9614149999999999,-0.611186699770176
group,6-9,15,0.6326636877260916,1.0,0.99997,-0.3673063122739084
group,6-9,16,0.29748816952927537,1.0,0.978945,-0.6814568304707246
group,6-9,17,0.3339882134818917,1.0,0.96716,-0.6331717865181083
group,6-9,18,0.511263865970624,1.0,0.99983,-0.488566134029376
group,6-9,19,0.45892357034119396,1.0,0.945695,-0.486771429658806
group,6-9,20,0.30347996191857407,-1.0,0.74656,1.050039961918574
group,6-9,21,0.2904125084770135,1.0,0.43882,-0.1484074915229865
group,6-9,22,0.5299610925543374,1.0,0.996255,-0.46629390744566257
group,6-9,23,0.24841015922907111,-1.0,0.7494400000000001,0.9978501592290712
group,6-9,24,0.340839546856716,-1.0,0.707555,1.048394546856716
group,6-9,25,0.5093459738249799,1.0,0.964915,-0.45556902617502004
group,6-9,26,0.3998040156510807,-1.0,0.48382000000000003,0.8836240156510807
group,6-9,27,0.5448772866497255,1.0,0.9971099999999999,-0.4522327133502745
group,6-9,28,0.32118926295790823,1.0,0.992855,-0.6716657370420918
group,6-9,29,0.4182562532254678,1.0,0.716665,-0.2984087467745322
group,6-9,30,0.4561214609656642,1.0,0.9652499999999999,-0.5091285390343357
group,6-9,31,0.3439069846177876,-1.0,0.7828299999999999,1.1267369846177875
group,6-9,32,0.47103168833832615,1.0,0.90837,-0.43733831166167386
group,6-9,33,0.46140844404795617,1.0,0.74747,-0.2860615559520438
group,6-9,34,0.4308366495442627,1.0,0.99705,-0.5662133504557373
group,6-9,35,0.3898889278658745,1.0,0.96614,-0.5762510721341255
group,6-9,36,0.3087148566965172,1.0,0.71431,-0.4055951433034828
group,6-9,37,0.445638052611423,1.0,0.692455,-0.24681694738857707
group,6-9,38,0.40638984325364785,1.0,0.9999,-0.5935101567463521
group,6-9,39,0.4416409762397664,-1.0,0.72043,1.1620709762397663
group,6-9,40,0.46920625890305123,1.0,0.900415,-0.43120874109694873
group,6-9,41,0.44205306644403247,1.0,0.66212,-0.22006693355596757
group,6-9,42,0.4007310776700805,-1.0,0.619265,1.0199960776700805
group,6-9,43,0.4193340829305291,1.0,0.698975,-0.2796409170694709
group,6-9,44,0.4572128122972643,-1.0,0.53904,0.9962528122972643
group,6-9,45,0.36595802378600395,1.0,0.9994000000000001,-0.6334419762139961
group,6-9,46,0.29083595537839313,-1.0,0.9375450000000001,1.2283809553783933
group,6-9,47,0.5707749422969977,1.0,0.99963,-0.42885505770300236
group,6-9,48,0.49190282366166693,1.0,0.82091,-0.3290071763383331
group,6-9,49,0.3107170038033259,1.0,0.956125,-0.6454079961966741
group,6-9,50,0.3649073030770799,1.0,0.99646,-0.6315526969229202
group,6-9,51,0.5005616711053003,1.0,0.9984,-0.4978383288946997
group,6-9,52,0.35073534920798927,1.0,0.879875,-0.5291396507920108
group,6-9,53,0.4142468100922346,1.0,0.9449700000000001,-0.5307231899077656
group,6-9,54,0.27068567882543465,-1.0,0.67945,0.9501356788254347
group,6-9,55,0.5703240169807815,1.0,0.99875,-0.4284259830192185
group,6-9,56,0.46175942686913135,1.0,0.631435,-0.16967557313086862
group,6-9,57,0.5203407086814884,1.0,0.8610450000000001,-0.34070429131851165
group,6-9,58,0.4403241319169646,1.0,0.922655,-0.4823308680830354
group,6-9,59,0.34444732201103656,1.0,0.97987,-0.6354226779889635
group,6-9,60,0.5968590061241079,1.0,0.94521,-0.3483509938758921
group,6-9,61,0.48414298873862627,1.0,0.998855,-0.5147120112613738
group,6-9,62,0.36414402431070164,1.0,0.86899,-0.5048459756892985
group,6-9,63,0.33636178354658863,-1.0,0.745055,1.0814167835465887
group,6-9,64,0.42959744441925657,1.0,0.833055,-0.4034575555807434
group,6-9,65,0.5326465621016614,1.0,0.969865,-0.4372184378983386
group,6-9,66,0.3615791225874797,-1.0,0.83687,1.1984491225874798
group,6-9,67,0.2899026003634179,1.0,0.663455,-0.3735523996365821
group,6-9,68,0.41186332789438057,1.0,0.962045,-0.5501816721056194
group,6-9,69,0.38926788785009425,1.0,0.95286,-0.5635921121499058
group,6-9,70,0.46426924158184085,1.0,0.999985,-0.5357157584181591
group,6-9,71,0.2337389660739415,1.0,0.9881249999999999,-0.7543860339260584
group,6-9,72,0.243305327775598,-1.0,0.7716799999999999,1.014985327775598
group,6-9,73,0.3920066762064299,-1.0,0.84136,1.23336667620643
group,6-9,74,0.3799158275883592,1.0,0.392905,-0.012989172411640826
group,6-9,75,0.3405355667343066,1.0,0.7679,-0.4273644332656934
group,6-9,76,0.46989283911725255,1.0,0.80827,-0.3383771608827475
group,6-9,77,0.475620456141175,-1.0,0.677915,1.153535456141175
group,6-9,78,0.32115846847182233,-1.0,0.7019599999999999,1.0231184684718222
group,6-9,79,0.4249059130363779,1.0,0.99884,-0.573934086963622
group,6-9,80,0.3352216040882639,-1.0,0.819205,1.1544266040882638
group,6-9,81,0.3394395566063763,-1.0,0.52328,0.8627195566063763
group,6-9,82,0.34418640534196177,1.0,0.7820400000000001,-0.4378535946580383
group,6-9,83,0.4439385188643186,1.0,0.999995,-0.5560564811356814
group,6-9,84,0.12109314954051796,1.0,0.48775,-0.36665685045948204
group,6-9,85,0.27222363888717904,-1.0,0.89097,1.163193638887179
group,6-9,86,0.7945665445665445,1.0,0.41856000000000004,0.3760065445665445
group,6-9,87,0.2632688138754028,1.0,0.955985,-0.6927161861245972
group,6-9,88,0.682771997883971,1.0,0.256425,0.426346997883971
group,6-9,89,0.34820830309286166,-1.0,0.69843,1.0466383030928617
group,6-9,90,0.2825101214609399,-1.0,0.76408,1.0465901214609399
group,6-9,91,0.2813653420475988,-1.0,0.655965,0.9373303420475988
group,6-9,92,0.40466782856219885,1.0,0.82221,-0.41754217143780115
group,6-9,93,0.32367948369635346,1.0,0.94047,-0.6167905163036466
group,6-9,94,0.2914332881852827,1.0,0.910255,-0.6188217118147173
group,6-9,95,0.25083258204315567,-1.0,0.913495,1.1643275820431556
group,6-9,96,0.41666543455642746,1.0,0.99864,-0.5819745654435725
group,6-9,97,0.2843149635774347,1.0,0.6838299999999999,-0.39951503642256525
group,6-9,98,0.2912136122093,1.0,0.94086,-0.6496463877907
group,6-9,99,0.24892073890476474,1.0,0.7483,-0.4993792610952352
group,6-9,100,0.34173505111214875,1.0,0.999895,-0.6581599488878512
group,6-9,101,0.2485854499734258,1.0,0.913535,-0.6649495500265742
group,6-9,102,0.47974664831564473,1.0,0.58874,-0.10899335168435531
group,6-9,103,0.3215294156171715,1.0,0.954835,-0.6333055843828285
group,6-9,104,0.3258919416680168,-1.0,0.23901499999999998,0.5649069416680168
group,6-9,105,0.32794403162550867,1.0,0.83199,-0.5040459683744913
group,6-9,106,0.5741977041356983,1.0,0.9990749999999999,-0.4248772958643017
group,6-9,107,0.31881304611845995,1.0,0.542305,-0.22349195388154008
group,6-9,108,0.4078735287920122,1.0,0.736175,-0.3283014712079878
group,6-9,109,0.41931530306765596,1.0,0.761865,-0.34254969693234405
group,6-9,110,0.6083515959216972,1.0,0.99989,-0.39153840407830276
group,6-9,111,0.37490356656344326,1.0,0.66682,-0.2919164334365567
group,6-9,112,0.3375466509256235,1.0,0.725315,-0.3877683490743765
group,6-9,113,0.34895472090387064,-1.0,0.54408,0.8930347209038707
group,6-9,114,0.46551410862074427,1.0,0.995115,-0.5296008913792557
group,6-9,115,0.5459816221562487,-1.0,0.9755100000000001,1.521491622156249
group,6-9,116,0.3841486703418241,-1.0,0.75133,1.1354786703418243
group,6-9,117,0.5258167205960003,-1.0,0.8902950000000001,1.4161117205960003
group,6-9,118,0.30691642071662695,1.0,0.699735,-0.39281857928337305
group,6-9,119,0.3382367114881538,-1.0,0.60075,0.9389867114881538
group,6-9,120,0.30560691303371557,1.0,0.95408,-0.6484730869662845
group,6-9,121,0.27591500476289205,-1.0,0.5615749999999999,0.8374900047628919
group,6-9,122,0.36614313007946486,1.0,0.98927,-0.6231268699205351
group,6-9,123,0.23432028728453225,1.0,0.964175,-0.7298547127154678
group,6-9,124,0.304598191779267,1.0,0.999945,-0.695346808220733
group,6-9,125,0.3334974828359123,1.0,0.997465,-0.6639675171640878
group,6-9,126,0.4145900367821051,1.0,0.90315,-0.4885599632178949
group,6-9,127,0.3859337945855409,-1.0,0.6687799999999999,1.054713794585541
group,6-9,128,0.2625030425723829,1.0,0.70799,-0.4454869574276171
group,6-9,129,0.48777121282651736,1.0,0.9997050000000001,-0.5119337871734827
group,6-9,130,0.40852810724929256,1.0,0.919625,-0.5110968927507075
group,6-9,131,0.26928750676091845,1.0,0.6075699999999999,-0.3382824932390815
group,6-9,132,0.3302904186721112,-1.0,0.532035,0.8623254186721112
group,6-9,133,0.27806039465316845,1.0,0.846105,-0.5680446053468315
group,6-9,134,0.4401509472455375,-1.0,0.839045,1.2791959472455376
group,6-9,135,0.343637786909984,-1.0,0.8956200000000001,1.2392577869099841
group,6-9,136,0.2659168834189075,1.0,0.97183,-0.7059131165810925
group,6-9,137,0.32336559123607,1.0,0.75803,-0.43466440876393
group,6-9,138,0.3151480857179545,-1.0,0.7698750000000001,1.0850230857179546
group,6-9,139,0.4393154585367314,1.0,0.999895,-0.5605795414632686
group,6-9,140,0.41945294331314487,1.0,0.8001100000000001,-0.38065705668685523
group,6-9,141,0.2816662769568766,1.0,0.6791,-0.3974337230431234
group,6-9,142,0.3196017540783158,1.0,0.93994,-0.6203382459216842
group,6-9,143,0.42307588152747844,1.0,0.7337549999999999,-0.3106791184725215
group,6-9,144,0.322711355208375,-1.0,0.652555,0.975266355208375
group,6-9,145,0.3554644642957482,1.0,0.7474,-0.39193553570425177
group,6-9,146,0.3266574198997625,1.0,0.96324,-0.6365825801002375
group,6-9,147,0.34898709690880614,1.0,0.929235,-0.5802479030911939
group,6-9,148,0.3977430256754073,-1.0,0.48965000000000003,0.8873930256754073
group,6-9,149,0.3687963057940433,1.0,0.9278,-0.5590036942059566
group,6-9,150,0.3253294374534994,-1.0,0.969395,1.2947244374534994
group,6-9,151,0.4346290005767412,-1.0,0.9612799999999999,1.3959090005767412
group,6-9,152,0.3436551252508655,-1.0,0.8562099999999999,1.1998651252508654
group,6-9,153,0.45329427831080393,1.0,0.9993799999999999,-0.546085721689196
group,6-9,154,0.288122660556787,-1.0,0.27754,0.5656626605567869
group,6-9,155,0.2873695105969165,-1.0,0.69503,0.9823995105969165
group,6-9,156,0.2475666889713934,1.0,0.95221,-0.7046433110286066
group,6-9,157,0.4025326390403765,1.0,0.58295,-0.18041736095962346
group,6-9,158,0.3235323759929406,1.0,0.94574,-0.6222076240070594
group,6-9,159,0.2957523673764736,1.0,0.6489199999999999,-0.35316763262352635
group,6-9,160,0.3182053757631759,1.0,0.68571,-0.3675046242368241
group,6-9,161,0.33250025446429265,1.0,0.48223,-0.14972974553570734
group,6-9,162,0.23711803120680353,1.0,0.657705,-0.42058696879319646
group,6-9,163,0.1844187051951055,1.0,0.54798,-0.3635612948048945
group,6-9,164,0.2923047419804742,1.0,0.58276,-0.29045525801952576
group,6-9,165,0.37898809523809524,1.0,0.968295,-0.5893069047619048
group,6-9,166,0.3429732548153601,1.0,0.49911000000000005,-0.15613674518463994
group,6-9,167,0.2903141060374694,1.0,0.364785,-0.07447089396253065
group,6-9,168,0.22059779077322939,1.0,0.292705,-0.07210720922677061
group,6-9,169,0.6546388690900451,1.0,0.78243,-0.12779113090995486
group,7-8,1,0.6208122629582806,1.0,0.49473500000000004,0.1260772629582806
group,7-8,2,0.2181248776668624,1.0,0.13333,0.08479487766686239
group,7-8,3,0.2047298554340808,-1.0,0.30578,0.5105098554340808
group,7-8,4,0.21459278719847147,1.0,0.61226,-0.39766721280152856
group,7-8,5,0.2555745995471762,1.0,0.36160499999999995,-0.10603040045282375
group,7-8,6,0.23985487278405437,1.0,0.6715,-0.4316451272159456
group,7-8,7,0.1940505527949474,1.0,0.30394,-0.10988944720505259
group,7-8,8,0.18237150979263678,-1.0,0.512635,0.6950065097926368
group,7-8,9,0.20024386572331776,1.0,0.444905,-0.24466113427668224
group,7-8,10,0.23258899676375405,1.0,0.6022000000000001,-0.369611003236246
group,7-8,11,0.35299529899830095,1.0,0.75358,-0.4005847010016991
group,7-8,12,0.41998707485120446,1.0,0.906385,-0.48639792514879554
group,7-8,13,0.32442623805205506,1.0,0.7138,-0.38937376194794493
group,7-8,14,0.2767213840123145,1.0,0.65164,-0.3749186159876855
group,7-8,15,0.5205857498083646,1.0,0.9839450000000001,-0.4633592501916355
group,7-8,16,0.26848970570211245,1.0,0.87225,-0.6037602942978875
group,7-8,17,0.24461867161906425,1.0,0.772095,-0.5274763283809357
group,7-8,18,0.3437323943661972,1.0,0.873235,-0.5295026056338028
group,7-8,19,0.43620360020203525,1.0,0.835315,-0.3991113997979648
group,7-8,20,0.26293750155252504,1.0,0.358835,-0.09589749844747497
group,7-8,21,0.28512623063483783,1.0,0.83427,-0.5491437693651622
group,7-8,22,0.43445094434922293,1.0,0.85975,-0.4252990556507771
group,7-8,23,0.41958586912421025,1.0,0.97744,-0.5578541308757897
group,7-8,24,0.2513084266918383,1.0,0.57978,-0.3284715733081617
group,7-8,25,0.3953659818996282,1.0,0.99065,-0.5952840181003718
group,7-8,26,0.45415054110672265,1.0,0.6909099999999999,-0.23675945889327726
group,7-8,27,0.2726567222263623,-1.0,0.732,1.0046567222263623
group,7-8,28,0.4243001217179621,1.0,0.41649,0.007810121717962082
group,7-8,29,0.4919259590464598,-1.0,0.78213,1.2740559590464597
group,7-8,30,0.4107568041996837,1.0,0.910065,-0.4993081958003163
group,7-8,31,0.21659160725670898,-1.0,0.486235,0.702826607256709
group,7-8,32,0.2748721961398018,1.0,0.99821,-0.7233378038601983
group,7-8,33,0.38218135976351936,1.0,0.95973,-0.5775486402364807
group,7-8,34,0.4456798403590266,-1.0,0.886355,1.3320348403590265
group,7-8,35,0.3013961547060139,1.0,0.623985,-0.3225888452939861
group,7-8,36,0.36392031199542935,1.0,0.798185,-0.4342646880045707
group,7-8,37,0.3011001399342558,1.0,0.70912,-0.4080198600657442
group,7-8,38,0.3804391368788865,1.0,0.99983,-0.6193908631211136
group,7-8,39,0.4166735805781189,1.0,0.98091,-0.5642364194218811
group,7-8,40,0.4023614940672844,1.0,0.62404,-0.22167850593271565
group,7-8,41,0.3498323686977834,1.0,0.9624250000000001,-0.6125926313022168
group,7-8,42,0.30190869496816286,1.0,0.641285,-0.33937630503183713
group,7-8,43,0.33924526583368525,-1.0,0.42496500000000004,0.7642102658336853
group,7-8,44,0.32329296768263904,-1.0,0.39432500000000004,0.7176179676826391
group,7-8,45,0.3405904149174885,-1.0,0.38008,0.7206704149174885
group,7-8,46,0.27302121370196486,1.0,0.77535,-0.5023287862980351
group,7-8,47,0.3850341969512548,1.0,0.962685,-0.5776508030487453
group,7-8,48,0.3747914648384132,1.0,0.6734899999999999,-0.29869853516158673
group,7-8,49,0.24068654726714195,1.0,0.85949,-0.6188034527328581
group,7-8,50,0.3089419231438011,1.0,0.712135,-0.4031930768561989
group,7-8,51,0.4050752250126272,1.0,0.989385,-0.5843097749873727
group,7-8,52,0.2799982611719701,-1.0,0.757995,1.03799326117197
group,7-8,53,0.26839758716910517,1.0,0.916825,-0.6484274128308949
group,7-8,54,0.23244073494464731,-1.0,0.622825,0.8552657349446473
group,7-8,55,0.5265963269327902,1.0,0.980315,-0.4537186730672098
group,7-8,56,0.28844606735060574,1.0,0.48361,-0.19516393264939425
group,7-8,57,0.46574682663884537,1.0,0.648875,-0.1831281733611546
group,7-8,58,0.3379322850684353,-1.0,0.607255,0.9451872850684353
group,7-8,59,0.4106888243038478,-1.0,0.848155,1.2588438243038478
group,7-8,60,0.29540241448692156,-1.0,0.73306,1.0284624144869217
group,7-8,61,0.3731385845939837,-1.0,0.501835,0.8749735845939837
group,7-8,62,0.36795050136208196,-1.0,0.370365,0.7383155013620819
group,7-8,63,0.26705608134403125,-1.0,0.380505,0.6475610813440312
group,7-8,64,0.30261515595631405,1.0,0.5848899999999999,-0.28227484404368586
group,7-8,65,0.3966790454662129,1.0,0.9849,-0.5882209545337871
group,7-8,66,0.29139114522526105,-1.0,0.6278699999999999,0.919261145225261
group,7-8,67,0.29380016725869623,-1.0,0.554555,0.8483551672586962
group,7-8,68,0.27207077858095075,1.0,0.61759,-0.3455192214190492
group,7-8,69,0.33105766284952515,1.0,0.841135,-0.5100773371504748
group,7-8,70,0.4617660696690431,1.0,0.9831650000000001,-0.521398930330957
group,7-8,71,0.3063009111690653,1.0,0.608715,-0.3024140888309347
group,7-8,72,0.25944191900373437,1.0,0.5428850000000001,-0.2834430809962657
group,7-8,73,0.37303740136290997,-1.0,0.6600699999999999,1.0331074013629098
group,7-8,74,0.29833473761531315,-1.0,0.63218,0.9305147376153131
group,7-8,75,0.2815197356981395,1.0,0.80765,-0.5261302643018605
group,7-8,76,0.3627356732990536,1.0,0.5328550000000001,-0.17011932670094648
group,7-8,77,0.33582035422411005,1.0,0.49053,-0.15470964577588997
group,7-8,78,0.37445433920394794,-1.0,0.30047999999999997,0.674934339203948
group,7-8,79,0.3134936367174239,1.0,0.67394,-0.36044636328257607
group,7-8,80,0.25671796209354897,1.0,0.55028,-0.293562037906451
group,7-8,81,0.4005206961936226,-1.0,0.68252,1.0830406961936228
group,7-8,82,0.3580907668231612,1.0,0.71796,-0.35986923317683883
group,7-8,83,0.2595250355267867,1.0,0.552845,-0.29331996447321335
group,7-8,84,0.5755555555555556,1.0,0.25570499999999996,0.31985055555555564
group,7-8,85,0.2958278477449056,-1.0,0.374145,0.6699728477449056
group,7-8,86,0.25555555555555554,1.0,0.30789,-0.05233444444444446
group,7-8,87,0.27418014258389845,1.0,0.416545,-0.14236485741610155
group,7-8,88,0.5333333333333333,1.0,0.112095,0.4212383333333333
group,7-8,89,0.29022944249861304,1.0,0.596225,-0.30599555750138696
group,7-8,90,0.32302137930463437,1.0,0.942365,-0.6193436206953656
group,7-8,91,0.2714192976790786,1.0,0.821625,-0.5502057023209215
group,7-8,92,0.4008639905275273,1.0,0.7103200000000001,-0.30945600947247276
group,7-8,93,0.24242110273756043,1.0,0.8582449999999999,-0.6158238972624395
group,7-8,94,0.2941912574571507,1.0,0.510655,-0.21646374254284928
group,7-8,95,0.22519185069263317,-1.0,0.28008500000000003,0.5052768506926332
group,7-8,96,0.3861807470336422,1.0,0.722635,-0.33645425296635784
group,7-8,97,0.2711723426981643,1.0,0.394055,-0.12288265730183567
group,7-8,98,0.26323289531427246,-1.0,0.27019,0.5334228953142724
group,7-8,99,0.3394332248635848,-1.0,0.6134,0.9528332248635847
group,7-8,100,0.360931183810683,1.0,0.99993,-0.638998816189317
group,7-8,101,0.31453668513136435,1.0,0.982245,-0.6677083148686357
group,7-8,102,0.39303835357825967,-1.0,0.617525,1.0105633535782597
group,7-8,103,0.3189750850783714,1.0,0.640585,-0.32160991492162855
group,7-8,104,0.48685276266653416,-1.0,0.40309,0.8899427626665342
group,7-8,105,0.2839590630200959,1.0,0.57197,-0.2880109369799041
group,7-8,106,0.4917036374626359,-1.0,0.66325,1.154953637462636
group,7-8,107,0.2593670665971135,1.0,0.37342,-0.11405293340288647
group,7-8,108,0.4829198648682217,1.0,0.871425,-0.3885051351317783
group,7-8,109,0.2804329681794471,1.0,0.49434500000000003,-0.21391203182055296
group,7-8,110,0.3220129418486226,1.0,0.955795,-0.6337820581513773
group,7-8,111,0.3175281428716843,1.0,0.95487,-0.6373418571283157
group,7-8,112,0.3207401383098281,1.0,0.937935,-0.6171948616901719
group,7-8,113,0.451799066000944,1.0,0.659255,-0.20745593399905604
group,7-8,114,0.36638406571113924,1.0,0.88308,-0.5166959342888607
group,7-8,115,0.4278836392842653,-1.0,0.40132,0.8292036392842653
group,7-8,116,0.3611105315017678,-1.0,0.67833,1.0394405315017679
group,7-8,117,0.3534222619668629,1.0,0.51232,-0.15889773803313711
group,7-8,118,0.32909888781179314,-1.0,0.495725,0.8248238878117932
group,7-8,119,0.2910568348361775,-1.0,0.6076900000000001,0.8987468348361776
group,7-8,120,0.28160195742355365,1.0,0.580905,-0.29930304257644635
group,7-8,121,0.25036726532031695,1.0,0.48763500000000004,-0.2372677346796831
group,7-8,122,0.28219966222321935,1.0,0.79096,-0.5087603377767806
group,7-8,123,0.27897276664099824,-1.0,0.42486499999999994,0.7038377666409982
group,7-8,124,0.2889970274320822,1.0,0.789345,-0.5003479725679177
group,7-8,125,0.24171672007352757,1.0,0.76557,-0.5238532799264723
group,7-8,126,0.3423844714376796,1.0,0.774125,-0.43174052856232037
group,7-8,127,0.2609910905763801,-1.0,0.387515,0.6485060905763801
group,7-8,128,0.25848179612655353,1.0,0.6433800000000001,-0.38489820387344653
group,7-8,129,0.30698938486888405,1.0,0.40363499999999997,-0.09664561513111591
group,7-8,130,0.31970613806294557,1.0,0.635035,-0.31532886193705445
group,7-8,131,0.6,1.0,0.329495,0.270505
group,7-8,132,0.2871900539036689,-1.0,0.49787499999999996,0.7850650539036689
group,7-8,133,0.2680742776541756,1.0,0.764045,-0.4959707223458244
group,7-8,134,0.3757002508880443,-1.0,0.731375,1.1070752508880444
group,7-8,135,0.22650415573462296,-1.0,0.33132,0.557824155734623
group,7-8,136,0.27168545627909585,1.0,0.646115,-0.37442954372090415
group,7-8,137,0.2750983679856919,-1.0,0.4204,0.6954983679856919
group,7-8,138,0.3210592774755529,-1.0,0.688855,1.009914277475553
group,7-8,139,0.5258793501751249,1.0,0.98279,-0.45691064982487517
group,7-8,140,0.31718826796957933,1.0,0.782535,-0.46534673203042065
group,7-8,141,0.24077800534789784,1.0,0.60853,-0.3677519946521022
group,7-8,142,0.27013194651473493,-1.0,0.54165,0.8117819465147349
group,7-8,143,0.2090179752920232,1.0,0.7947150000000001,-0.5856970247079769
group,7-8,144,0.28165495027779847,-1.0,0.58011,0.8617649502777984
group,7-8,145,0.30442241928939895,1.0,0.61496,-0.310537580710601
group,7-8,146,0.22717639168343395,-1.0,0.52416,0.7513363916834339
group,7-8,147,0.29790019955121677,-1.0,0.47404999999999997,0.7719501995512168
group,7-8,148,0.2813235379354315,-1.0,0.42625500000000005,0.7075785379354316
group,7-8,149,0.25710928120161297,-1.0,0.65259,0.9096992812016129
group,7-8,150,0.2820352154076724,1.0,0.840415,-0.5583797845923276
group,7-8,151,0.24120596004007583,1.0,0.85646,-0.6152540399599242
group,7-8,152,0.22184348891704134,-1.0,0.435965,0.6578084889170414
group,7-8,153,0.2769706717672289,1.0,0.736545,-0.4595743282327711
group,7-8,154,0.3189478020385689,-1.0,0.37229,0.6912378020385689
group,7-8,155,0.2787082991777827,1.0,0.813625,-0.5349167008222173
group,7-8,156,0.2867802976008708,-1.0,0.2652,0.5519802976008708
group,7-8,157,0.2865715656763949,1.0,0.480085,-0.19351343432360507
group,7-8,158,0.2616688582687797,1.0,0.387115,-0.12544614173122026
group,7-8,159,0.22228766689733231,1.0,0.548055,-0.32576733310266764
group,7-8,160,0.27946171526894975,-1.0,0.576465,0.8559267152689498
group,7-8,161,0.21640201435765563,1.0,0.624205,-0.4078029856423444
group,7-8,162,0.23434759015342116,-1.0,0.619085,0.8534325901534212
group,7-8,163,0.2513748672020132,-1.0,0.610135,0.8615098672020132
group,7-8,164,0.31094269307604794,-1.0,0.37921,0.690152693076048
group,7-8,165,0.15545329525018514,1.0,0.58841,-0.43295670474981485
group,7-8,166,0.614367816091954,-1.0,0.44545,1.059817816091954
group,7-8,167,0.6184309764309764,-1.0,0.38693,1.0053609764309765
group,7-8,168,0.6180229525299947,-1.0,0.293595,0.9116179525299948
group,7-8,169,0.6234244080145719,1.0,0.591245,0.032179408014571864
group,9-10,1,0.21944958799303965,-1.0,0.781455,1.0009045879930396
group,9-10,2,0.21532554403236628,1.0,0.278385,-0.06305945596763371
group,9-10,3,0.22607502339753102,1.0,1.0,-0.773924976602469
group,9-10,4,0.23023188160395022,-1.0,0.660245,0.8904768816039502
group,9-10,5,0.24144610421488183,1.0,0.9996700000000001,-0.7582238957851182
group,9-10,6,0.2654235914597499,1.0,0.74161,-0.4761864085402501
group,9-10,7,0.2322901619854069,-1.0,0.7572399999999999,0.9895301619854068
group,9-10,8,0.26887018777302374,-1.0,0.923155,1.1920251877730237
group,9-10,9,0.25116228565845106,1.0,0.96656,-0.7153977143415489
group,9-10,10,0.2522116940800462,1.0,0.993965,-0.7417533059199538
group,9-10,11,0.36823394073342886,1.0,0.798295,-0.4300610592665711
group,9-10,12,0.5185054284799647,1.0,0.999865,-0.4813595715200353
group,9-10,13,0.32983298341081224,1.0,0.9980899999999999,-0.6682570165891877
group,9-10,14,0.3023259757224505,1.0,0.95182,-0.6494940242775495
group,9-10,15,0.4848385522637195,1.0,0.99998,-0.5151414477362805
group,9-10,16,0.24519151514723397,1.0,0.982955,-0.7377634848527661
group,9-10,17,0.3051622174476215,1.0,0.90586,-0.6006977825523785
group,9-10,18,0.49600283147602375,1.0,1.0,-0.5039971685239762
group,9-10,19,0.4683016631827104,1.0,0.99324,-0.5249383368172896
group,9-10,20,0.29297717170887283,1.0,0.999305,-0.7063278282911272
group,9-10,21,0.2748823735937128,1.0,0.7683949999999999,-0.4935126264062871
group,9-10,22,0.5036069148147457,1.0,0.9999549999999999,-0.4963480851852542
group,9-10,23,0.27716558362572713,1.0,0.997555,-0.7203894163742728
group,9-10,24,0.3227079397175925,-1.0,0.876635,1.1993429397175925
group,9-10,25,0.4581843745074756,1.0,0.99312,-0.5349356254925244
group,9-10,26,0.3574810947279061,1.0,0.652,-0.2945189052720939
group,9-10,27,0.463819309644789,1.0,0.9999899999999999,-0.5361706903552109
group,9-10,28,0.2709537885786404,1.0,0.718775,-0.44782121142135967
group,9-10,29,0.34713046946476533,1.0,0.99959,-0.6524595305352346
group,9-10,30,0.26641855889533805,1.0,0.97543,-0.709011441104662
group,9-10,31,0.3155597832876438,-1.0,0.72461,1.0401697832876438
group,9-10,32,0.39076617789797474,1.0,0.999995,-0.6092288221020252
group,9-10,33,0.4573088688388385,1.0,0.99946,-0.5421511311611615
group,9-10,34,0.43139657851608015,1.0,0.999985,-0.5685884214839199
group,9-10,35,0.3235880099675972,1.0,0.9896199999999999,-0.6660319900324028
group,9-10,36,0.2824353023981496,1.0,0.997575,-0.7151396976018504
group,9-10,37,0.4071878792393462,1.0,0.883355,-0.4761671207606538
group,9-10,38,0.36996057589718034,1.0,1.0,-0.6300394241028197
group,9-10,39,0.36658363491511364,1.0,0.96522,-0.5986363650848863
group,9-10,40,0.39193106970644886,1.0,0.999995,-0.6080639302935511
group,9-10,41,0.2859929584470947,-1.0,0.97827,1.2642629584470946
group,9-10,42,0.327373412872641,1.0,0.8927849999999999,-0.565411587127359
group,9-10,43,0.3769352462299854,1.0,0.99998,-0.6230447537700146
group,9-10,44,0.461060562445738,1.0,0.5721350000000001,-0.11107443755426205
group,9-10,45,0.281144113087319,1.0,0.999055,-0.717910886912681
group,9-10,46,0.28606911557594783,1.0,0.9813700000000001,-0.6953008844240522
group,9-10,47,0.442719777964245,1.0,1.0,-0.557280222035755
group,9-10,48,0.4587093737745853,1.0,0.9888300000000001,-0.5301206262254148
group,9-10,49,0.28773528014237154,1.0,0.9958899999999999,-0.7081547198576283
group,9-10,50,0.3764318574551303,1.0,0.9992300000000001,-0.6227981425448698
group,9-10,51,0.4698450109005258,1.0,0.9979100000000001,-0.5280649890994743
group,9-10,52,0.4376104259188411,1.0,0.99997,-0.5623595740811589
group,9-10,53,0.3727184246769418,1.0,0.9838100000000001,-0.6110915753230584
group,9-10,54,0.2680083821927322,1.0,0.91898,-0.6509716178072678
group,9-10,55,0.47353032698403275,1.0,1.0,-0.5264696730159673
group,9-10,56,0.4478980055631576,1.0,0.6708000000000001,-0.22290199443684244
group,9-10,57,0.5062569151184787,1.0,0.998685,-0.49242808488152134
group,9-10,58,0.29020966150520344,1.0,0.99935,-0.7091403384947965
group,9-10,59,0.342984819609948,1.0,1.0,-0.657015180390052
group,9-10,60,0.5526903749483334,1.0,0.99722,-0.4445296250516666
group,9-10,61,0.36341862225855875,1.0,0.99989,-0.6364713777414412
group,9-10,62,0.34719060051068973,1.0,0.913085,-0.5658943994893103
group,9-10,63,0.2546294847720525,1.0,0.77403,-0.5194005152279475
group,9-10,64,0.40881500108873714,1.0,0.9995499999999999,-0.5907349989112628
group,9-10,65,0.46943396987765246,1.0,0.998955,-0.5295210301223476
group,9-10,66,0.3108934987470337,-1.0,0.9287449999999999,1.2396384987470337
group,9-10,67,0.30574530577543774,-1.0,0.9638,1.2695453057754378
group,9-10,68,0.34715297318458616,1.0,0.9722999999999999,-0.6251470268154138
group,9-10,69,0.34665654053848427,1.0,0.999155,-0.6524984594615157
group,9-10,70,0.383075808443341,1.0,1.0,-0.616924191556659
group,9-10,71,0.2296265331554999,1.0,0.99956,-0.7699334668445001
group,9-10,72,0.2737438801440465,-1.0,0.73939,1.0131338801440464
group,9-10,73,0.35688202140309866,1.0,0.68784,-0.33095797859690135
group,9-10,74,0.2659139217194634,-1.0,0.63626,0.9021739217194634
group,9-10,75,0.3345931556639121,1.0,0.96687,-0.6322768443360879
group,9-10,76,0.35721782630438126,-1.0,0.79592,1.1531378263043812
group,9-10,77,0.4047869527554489,1.0,0.998865,-0.594078047244551
group,9-10,78,0.26300105611360236,1.0,0.83379,-0.5707889438863977
group,9-10,79,0.3718539908422418,1.0,0.9991650000000001,-0.6273110091577583
group,9-10,80,0.2703692678521338,1.0,0.926875,-0.6565057321478662
group,9-10,81,0.34369474308960113,-1.0,0.7717350000000001,1.1154297430896012
group,9-10,82,0.2903450104013495,-1.0,0.756015,1.0463600104013495
group,9-10,83,0.31018149078242807,1.0,0.99758,-0.687398509217572
group,9-10,84,0.24957066742201933,1.0,0.585725,-0.3361543325779807
group,9-10,85,0.2894246668110989,1.0,0.844415,-0.5549903331889011
group,9-10,86,0.44816990829219083,1.0,0.47281,-0.024640091707809175
group,9-10,87,0.24804751432114114,-1.0,0.73961,0.9876575143211411
group,9-10,88,0.3968871472790326,-1.0,0.412975,0.8098621472790326
group,9-10,89,0.30705107066151355,-1.0,0.775655,1.0827060706615135
group,9-10,90,0.3138638234661759,-1.0,0.660585,0.9744488234661759
group,9-10,91,0.2671186111817999,1.0,0.96637,-0.6992513888182
group,9-10,92,0.37479440899208827,-1.0,0.727505,1.1022994089920881
group,9-10,93,0.28750964685384106,-1.0,0.9060250000000001,1.1935346468538413
group,9-10,94,0.2977766247980094,1.0,0.99182,-0.6940433752019906
group,9-10,95,0.28713680835763805,1.0,0.870345,-0.5832081916423619
group,9-10,96,0.35202160023632867,1.0,0.999935,-0.6479133997636713
group,9-10,97,0.259868625486411,1.0,0.999895,-0.740026374513589
group,9-10,98,0.2890392412145263,1.0,0.875845,-0.5868057587854737
group,9-10,99,0.25403457168984167,-1.0,0.700725,0.9547595716898417
group,9-10,100,0.3209753828441545,1.0,1.0,-0.6790246171558455
group,9-10,101,0.2662811028335928,-1.0,0.98064,1.2469211028335927
group,9-10,102,0.4650181971430137,1.0,0.7117899999999999,-0.24677180285698624
group,9-10,103,0.24399618041398294,-1.0,0.90953,1.153526180413983
group,9-10,104,0.2944575190338372,1.0,0.23562499999999997,0.05883251903383724
group,9-10,105,0.32543742780080986,-1.0,0.6695150000000001,0.99495242780081
group,9-10,106,0.41580006440170514,1.0,0.999465,-0.5836649355982949
group,9-10,107,0.2915851594941393,1.0,0.53565,-0.24406484050586064
group,9-10,108,0.3515507184033385,1.0,0.98017,-0.6286192815966615
group,9-10,109,0.34853746887305503,1.0,0.8455250000000001,-0.49698753112694505
group,9-10,110,0.6420007142874395,1.0,1.0,-0.35799928571256046
group,9-10,111,0.3476587589551807,1.0,0.97851,-0.6308512410448193
group,9-10,112,0.3336682725314568,1.0,0.999425,-0.6657567274685432
group,9-10,113,0.4563487961276125,-1.0,0.78575,1.2420987961276124
group,9-10,114,0.38311206827144717,1.0,0.995015,-0.6119029317285528
group,9-10,115,0.2845686430169051,1.0,0.884905,-0.600336356983095
group,9-10,116,0.3701421043938281,1.0,0.99414,-0.6239978956061719
group,9-10,117,0.27352546814084344,-1.0,0.718085,0.9916104681408434
group,9-10,118,0.3061274608975327,1.0,0.988415,-0.6822875391024674
group,9-10,119,0.26126537536391,-1.0,0.766915,1.02818037536391
group,9-10,120,0.30171196787106586,-1.0,0.99037,1.2920819678710658
group,9-10,121,0.2877041616500302,1.0,0.62059,-0.33288583834996976
group,9-10,122,0.34858375991852397,1.0,0.997985,-0.649401240081476
group,9-10,123,0.24827786017585113,1.0,0.819475,-0.5711971398241489
group,9-10,124,0.295187227635447,1.0,0.995865,-0.700677772364553
group,9-10,125,0.33697246481565957,1.0,0.867105,-0.5301325351843404
group,9-10,126,0.40325052022796587,1.0,0.998305,-0.5950544797720341
group,9-10,127,0.2932375126026909,-1.0,0.771165,1.0644025126026908
group,9-10,128,0.25971277002311677,1.0,0.768675,-0.5089622299768832
group,9-10,129,0.38915537508313003,1.0,0.999995,-0.6108396249168699
group,9-10,130,0.4016997204427567,1.0,0.9554450000000001,-0.5537452795572434
group,9-10,131,0.3013404580272569,-1.0,0.7071099999999999,1.0084504580272569
group,9-10,132,0.31794645644020025,1.0,0.589665,-0.27171854355979974
group,9-10,133,0.29748064610646674,1.0,0.8424050000000001,-0.5449243538935333
group,9-10,134,0.4245118603611078,-1.0,0.79895,1.2234618603611078
group,9-10,135,0.25353886856048524,1.0,0.924305,-0.6707661314395148
group,9-10,136,0.2734341875798959,1.0,0.93267,-0.6592358124201041
group,9-10,137,0.2955251865958683,-1.0,0.7314050000000001,1.0269301865958684
group,9-10,138,0.3141035101508848,1.0,0.66179,-0.3476864898491152
group,9-10,139,0.2976982482495407,1.0,1.0,-0.7023017517504593
group,9-10,140,0.40639402353914683,1.0,0.886315,-0.47992097646085313
group,9-10,141,0.24589665585179776,1.0,0.8146,-0.5687033441482022
group,9-10,142,0.2944287710948419,1.0,0.873375,-0.5789462289051581
group,9-10,143,0.38966765537595216,1.0,0.938955,-0.5492873446240478
group,9-10,144,0.2657360567281559,1.0,0.92286,-0.6571239432718441
group,9-10,145,0.361279364781495,1.0,0.924835,-0.5635556352185049
group,9-10,146,0.31502904844355617,-1.0,0.9943299999999999,1.309359048443556
group,9-10,147,0.3543474961100218,1.0,0.9891300000000001,-0.6347825038899783
group,9-10,148,0.3571709958881968,1.0,0.78444,-0.42726900411180324
group,9-10,149,0.31516862744161145,1.0,0.9840450000000001,-0.6688763725583886
group,9-10,150,0.3196074934444896,-1.0,0.90021,1.2198174934444896
group,9-10,151,0.29126026007293704,-1.0,0.943975,1.235235260072937
group,9-10,152,0.3246277985594711,1.0,0.9962249999999999,-0.6715972014405288
group,9-10,153,0.35961547880442224,1.0,0.999995,-0.6403795211955777
group,9-10,154,0.274540785998643,1.0,0.656485,-0.381944214001357
group,9-10,155,0.25823617178926495,-1.0,0.753995,1.012231171789265
group,9-10,156,0.24268685999788464,-1.0,0.971595,1.2142818599978846
group,9-10,157,0.23813225313294858,1.0,0.593605,-0.35547274686705144
group,9-10,158,0.3132422193735154,-1.0,0.8567549999999999,1.1699972193735153
group,9-10,159,0.23567576713465166,1.0,0.9971099999999999,-0.7614342328653483
group,9-10,160,0.22881671865814426,1.0,0.82481,-0.5959932813418558
group,9-10,161,0.26967518848689764,-1.0,0.55103,0.8207051884868977
group,9-10,162,0.2917984400185799,1.0,0.78213,-0.4903315599814201
group,9-10,163,0.2717741286359893,-1.0,0.6956249999999999,0.9673991286359893
group,9-10,164,0.28931761091855057,1.0,0.7028749999999999,-0.41355738908144934
group,9-10,165,0.3936977319550888,1.0,0.98561,-0.5919122680449111
group,9-10,166,0.31606114844519395,-1.0,0.47026,0.786321148445194
group,9-10,167,0.3937742594209876,-1.0,0.50948,0.9032542594209876
group,9-10,168,0.30079615803537885,-1.0,0.29633,0.5971261580353788
group,9-10,169,0.27382787901837635,1.0,0.84277,-0.5689421209816237
