Node,Child1_Size,Child2_Size,Site,Cons1,Cons2,Distance,BADASP_Score
Node61,3,7,159,1.0,1.0,1.0,0.9997
Node61,3,7,148,1.0,1.0,0.999,0.9995
Node35,3,9,104,1.0,1.0,0.999,0.999
Node61,3,7,367,1.0,1.0,0.999,0.9989
Node61,3,7,68,1.0,1.0,0.996,0.9961
Node35,3,9,148,1.0,1.0,0.996,0.996
Node35,3,9,146,1.0,1.0,0.994,0.9944
Node35,3,9,63,1.0,1.0,0.994,0.9936
Node35,3,9,54,1.0,1.0,0.992,0.9925
Node62,4,3,119,1.0,1.0,0.974,0.9736
Node15,7,3,120,1.0,1.0,0.973,0.9728
Node50,5,6,159,1.0,1.0,0.956,0.956
Node49,4,11,93,1.0,1.0,0.94,0.9397
Node36,3,6,163,1.0,1.0,0.903,0.9027
Node62,4,3,167,1.0,1.0,0.887,0.8871
Node35,3,9,72,1.0,0.884,0.996,0.8802
Node50,5,6,150,1.0,1.0,0.878,0.8777
Node50,5,6,171,1.0,1.0,0.866,0.866
Node61,3,7,151,1.0,0.863,0.997,0.8608
Node61,3,7,49,1.0,0.863,0.997,0.8606
Node61,3,7,116,1.0,0.863,0.995,0.8589
Node61,3,7,67,1.0,0.863,0.994,0.8582
Node31,37,3,50,0.863,1.0,0.993,0.8567
Node35,3,9,356,1.0,0.884,0.958,0.8463
Node61,3,7,84,1.0,0.863,0.98,0.8455
Node62,4,3,350,1.0,1.0,0.837,0.837
Node62,4,3,166,1.0,1.0,0.834,0.8343
Node50,5,6,363,1.0,0.85,0.974,0.8277
Node35,3,9,68,1.0,0.823,0.99,0.8147
Node30,34,3,42,0.814,1.0,0.991,0.8068
Node61,3,7,175,1.0,0.863,0.934,0.8064
Node50,5,6,160,1.0,0.85,0.941,0.7991
Node36,3,6,112,1.0,1.0,0.794,0.7944
Node61,3,7,40,1.0,0.788,0.999,0.7867
Node31,37,3,67,0.884,1.0,0.887,0.7841
Node30,34,3,161,0.818,1.0,0.957,0.7824
Node30,34,3,74,0.789,1.0,0.989,0.7807
Node61,3,7,349,1.0,1.0,0.77,0.7704
Node30,34,3,163,0.814,1.0,0.945,0.7696
Node61,3,7,64,1.0,0.8,0.962,0.7695
Node35,3,9,369,1.0,0.772,0.982,0.7577
Node35,3,9,349,1.0,1.0,0.756,0.7557
Node49,4,11,60,1.0,0.898,0.841,0.7555
Node35,3,9,160,1.0,0.772,0.978,0.7545
Node31,37,3,71,0.778,1.0,0.968,0.7531
Node61,3,7,75,1.0,0.8,0.941,0.753
Node31,37,3,74,0.76,1.0,0.99,0.7527
Node35,3,9,114,1.0,0.884,0.845,0.7464
Node15,7,3,178,1.0,0.788,0.946,0.7453
Node62,4,3,353,1.0,0.788,0.941,0.7408
Node35,3,9,161,1.0,0.772,0.959,0.74
Node30,34,3,144,0.774,1.0,0.954,0.7383
Node61,3,7,52,1.0,0.734,0.996,0.7315
Node30,34,3,56,0.762,1.0,0.959,0.731
Node3,28,4,68,0.769,1.0,0.948,0.7291
Node31,37,3,144,0.77,1.0,0.946,0.7279
Node36,3,6,96,1.0,0.788,0.923,0.7268
Node61,3,7,354,1.0,0.734,0.987,0.7244
Node61,3,7,163,1.0,0.734,0.986,0.7237
Node36,3,6,134,1.0,0.85,0.851,0.723
Node15,7,3,368,1.0,0.788,0.917,0.7219
Node35,3,9,96,1.0,0.771,0.936,0.7217
Node31,37,3,93,0.726,1.0,0.993,0.7206
Node30,34,3,142,0.723,1.0,0.985,0.7119
Node15,7,3,103,1.0,0.788,0.899,0.7078
Node15,7,3,117,0.8,1.0,0.87,0.6963
Node35,3,9,366,1.0,0.771,0.899,0.693
Node61,3,7,164,1.0,0.8,0.861,0.6892
Node61,3,7,112,1.0,0.863,0.798,0.6891
Node61,3,7,177,1.0,0.681,0.998,0.6795
Node62,4,3,141,1.0,0.788,0.862,0.6788
Node61,3,7,107,1.0,0.681,0.994,0.677
Node31,37,3,61,0.677,1.0,0.997,0.6749
Node36,3,6,164,1.0,0.769,0.877,0.6738
Node35,3,9,95,1.0,0.823,0.818,0.6734
Node15,7,3,52,1.0,0.769,0.872,0.6699
Node15,7,3,358,0.8,1.0,0.837,0.6697
Node61,3,7,362,1.0,0.734,0.909,0.6677
Node30,34,3,358,0.673,1.0,0.991,0.6667
Node62,4,3,75,1.0,0.788,0.846,0.6659
Node31,37,3,78,0.694,1.0,0.957,0.6647
Node61,3,7,104,1.0,0.681,0.974,0.6634
Node61,3,7,123,1.0,1.0,0.656,0.6559
Node35,3,9,92,1.0,0.665,0.986,0.6558
Node35,3,9,372,1.0,0.665,0.985,0.6554
Node36,3,6,110,1.0,0.85,0.77,0.6544
Node50,5,6,94,1.0,0.71,0.921,0.6543
Node31,37,3,86,0.657,1.0,0.989,0.65
Node61,3,7,63,1.0,0.681,0.948,0.6455
Node50,5,6,368,1.0,0.85,0.755,0.6414
Node15,7,3,175,1.0,0.788,0.807,0.6358
Node30,34,3,160,0.828,0.788,0.972,0.6334
Node61,3,7,56,1.0,0.772,0.812,0.6267
Node61,3,7,373,1.0,0.833,0.749,0.6239
Node3,28,4,170,0.707,1.0,0.882,0.6237
Node61,3,7,74,1.0,0.665,0.936,0.6224
Node3,28,4,160,1.0,0.812,0.765,0.6215
Node61,3,7,366,1.0,0.681,0.909,0.6193
Node61,3,7,48,0.788,0.863,0.902,0.6131
Node61,3,7,352,1.0,0.64,0.942,0.6027
Node35,3,9,163,1.0,0.788,0.764,0.6019
Node61,3,7,365,1.0,0.681,0.883,0.6016
Node31,37,3,63,0.624,1.0,0.959,0.5982
Node50,5,6,370,0.833,1.0,0.716,0.5964
Node31,37,3,68,0.649,1.0,0.916,0.5947
Node4,24,4,111,0.653,1.0,0.91,0.5937
Node35,3,9,79,1.0,0.616,0.962,0.5929
Node35,3,9,64,1.0,0.678,0.874,0.5924
Node62,4,3,65,1.0,0.788,0.75,0.5907
Node61,3,7,80,1.0,0.681,0.862,0.587
Node61,3,7,374,1.0,0.683,0.855,0.5839
Node15,7,3,149,1.0,0.788,0.741,0.5839
Node15,7,3,137,1.0,0.788,0.739,0.5819
Node3,28,4,174,0.803,0.812,0.889,0.58
Node15,7,3,61,0.8,1.0,0.725,0.5798
Node35,3,9,177,1.0,0.616,0.936,0.5771
Node36,3,6,147,0.788,0.85,0.861,0.5764
Node35,3,9,110,1.0,0.687,0.838,0.5761
Node36,3,6,115,1.0,0.71,0.81,0.5754
Node31,37,3,170,0.683,1.0,0.841,0.5742
Node50,5,6,178,1.0,1.0,0.574,0.5741
Node61,3,7,178,1.0,0.772,0.743,0.5734
Node31,37,3,161,0.739,1.0,0.774,0.5714
Node35,3,9,44,1.0,0.594,0.961,0.5714
Node61,3,7,39,0.788,0.769,0.944,0.5712
Node36,3,6,162,0.788,1.0,0.725,0.5708
Node36,3,6,373,1.0,0.788,0.724,0.5705
Node62,4,3,365,1.0,0.788,0.724,0.5698
Node30,34,3,146,0.591,1.0,0.958,0.5663
Node61,3,7,121,1.0,0.574,0.982,0.5636
Node35,3,9,94,1.0,0.575,0.98,0.5633
Node30,34,3,167,0.574,1.0,0.982,0.5632
Node3,28,4,78,0.898,0.653,0.96,0.5626
Node61,3,7,129,1.0,0.788,0.713,0.5618
Node15,7,3,147,0.8,1.0,0.701,0.5608
Node35,3,9,132,1.0,0.565,0.991,0.56
Node35,3,9,74,1.0,0.575,0.972,0.5588
Node61,3,7,136,1.0,0.574,0.972,0.5577
Node61,3,7,109,1.0,0.64,0.87,0.5566
Node61,3,7,117,1.0,0.574,0.967,0.555
Node30,34,3,83,0.619,1.0,0.896,0.5548
Node61,3,7,92,1.0,0.574,0.965,0.5534
Node61,3,7,90,1.0,0.734,0.753,0.5526
Node62,4,3,174,1.0,0.788,0.701,0.5519
Node31,37,3,163,0.735,1.0,0.747,0.5493
Node61,3,7,120,1.0,0.681,0.804,0.5476
Node61,3,7,135,1.0,0.574,0.952,0.5464
Node35,3,9,379,1.0,0.574,0.95,0.5451
Node62,4,3,56,1.0,1.0,0.544,0.5437
Node62,4,3,165,0.812,0.788,0.841,0.5378
Node35,3,9,52,1.0,0.575,0.93,0.5348
Node61,3,7,359,1.0,0.574,0.927,0.5319
Node30,34,3,164,0.563,1.0,0.942,0.5298
Node61,3,7,108,1.0,0.665,0.797,0.5296
Node30,34,3,147,0.552,1.0,0.96,0.5293
Node61,3,7,98,1.0,0.574,0.922,0.5292
Node61,3,7,86,0.788,0.8,0.839,0.5286
Node31,37,3,77,0.64,1.0,0.826,0.5285
Node62,4,3,73,1.0,0.788,0.671,0.528
Node62,4,3,80,1.0,0.788,0.67,0.5276
Node61,3,7,62,1.0,0.574,0.918,0.5266
Node49,4,11,141,0.812,0.746,0.863,0.5231
Node31,37,3,167,0.535,1.0,0.976,0.5221
Node35,3,9,365,1.0,0.616,0.845,0.5206
Node30,34,3,150,0.577,1.0,0.9,0.5188
Node31,37,3,82,0.678,1.0,0.764,0.518
Node61,3,7,76,1.0,0.574,0.903,0.5179
Node35,3,9,164,1.0,0.633,0.817,0.5173
Node31,37,3,52,0.521,1.0,0.987,0.5142
Node35,3,9,383,1.0,0.633,0.812,0.514
Node31,37,3,70,0.512,1.0,0.992,0.5079
Node50,5,6,164,0.775,0.85,0.771,0.5076
Node35,3,9,370,1.0,0.575,0.881,0.5067
Node15,7,3,355,1.0,0.788,0.643,0.506
Node50,5,6,162,1.0,0.85,0.595,0.5053
Node35,3,9,364,0.788,0.812,0.784,0.5014
Node15,7,3,116,0.8,0.788,0.795,0.5009
Node30,34,3,47,0.511,1.0,0.98,0.5004
Node32,40,10,100,0.589,0.874,0.966,0.4975
Node61,3,7,130,1.0,0.574,0.865,0.4965
Node35,3,9,145,1.0,0.575,0.861,0.4949
Node61,3,7,171,1.0,0.574,0.862,0.4943
Node62,4,3,93,0.812,0.788,0.772,0.4942
Node31,37,3,370,0.537,1.0,0.919,0.4934
Node15,7,3,79,0.8,0.788,0.782,0.493
Node36,3,6,138,1.0,0.585,0.838,0.4906
Node62,4,3,45,1.0,0.788,0.622,0.4896
Node15,7,3,360,1.0,0.633,0.771,0.4884
Node5,12,12,365,0.759,0.904,0.711,0.4878
Node35,3,9,37,1.0,1.0,0.486,0.4862
Node35,3,9,82,1.0,0.717,0.677,0.4856
Node35,3,9,159,0.788,0.717,0.859,0.485
Node31,37,3,137,0.6,1.0,0.805,0.4833
Node4,24,4,142,0.942,0.812,0.629,0.4816
Node34,4,12,141,1.0,0.633,0.755,0.478
Node62,4,3,72,0.812,0.788,0.745,0.4767
Node61,3,7,140,1.0,0.574,0.825,0.4734
Node61,3,7,149,0.788,0.665,0.902,0.4722
Node61,3,7,145,1.0,0.574,0.822,0.4715
Node35,3,9,73,1.0,0.492,0.957,0.4707
Node61,3,7,101,1.0,0.833,0.564,0.4695
Node35,3,9,116,1.0,0.472,0.989,0.4668
Node61,3,7,118,1.0,0.574,0.808,0.4636
Node31,37,3,94,0.516,1.0,0.897,0.4631
Node30,34,3,363,0.614,0.788,0.956,0.4624
Node35,3,9,357,0.788,0.717,0.818,0.4619
Node15,7,3,361,0.8,1.0,0.577,0.4618
Node61,3,7,360,1.0,0.574,0.801,0.4598
Node30,34,3,99,0.639,1.0,0.716,0.4574
Node62,4,3,87,0.812,0.788,0.711,0.4551
Node62,4,3,101,1.0,1.0,0.454,0.4538
Node15,7,3,367,1.0,0.788,0.575,0.4527
Node30,34,3,102,0.491,1.0,0.921,0.4517
Node49,4,11,118,1.0,0.655,0.689,0.4513
Node35,3,9,88,1.0,0.511,0.882,0.4508
Node36,3,6,151,1.0,0.585,0.77,0.4504
Node35,3,9,100,1.0,0.524,0.858,0.4491
Node62,4,3,359,0.812,0.788,0.701,0.4484
Node32,40,10,73,0.835,0.769,0.694,0.4454
Node50,5,6,366,0.833,0.85,0.629,0.4451
Node61,3,7,44,0.788,0.615,0.918,0.4446
Node31,37,3,165,0.45,1.0,0.986,0.4435
Node35,3,9,93,0.788,0.884,0.634,0.4409
Node3,28,4,76,0.641,0.812,0.843,0.4386
Node61,3,7,158,1.0,0.665,0.657,0.4367
Node50,5,6,76,0.683,1.0,0.639,0.4365
Node50,5,6,177,0.683,0.85,0.748,0.4337
Node15,7,3,69,1.0,0.633,0.683,0.4327
Node62,4,3,145,0.653,1.0,0.662,0.4323
Node35,3,9,355,1.0,0.492,0.878,0.4315
Node61,3,7,364,1.0,0.681,0.633,0.4312
Node30,34,3,175,0.515,1.0,0.835,0.4303
Node30,34,3,356,0.549,1.0,0.783,0.4293
Node49,4,11,55,1.0,0.612,0.699,0.4276
Node30,34,3,87,0.434,1.0,0.985,0.4275
Node36,3,6,94,1.0,0.556,0.766,0.4259
Node35,3,9,149,1.0,0.492,0.866,0.4258
Node34,4,12,75,0.812,0.904,0.579,0.4254
Node50,5,6,163,0.833,0.71,0.719,0.4252
Node61,3,7,114,1.0,0.574,0.741,0.425
Node35,3,9,134,0.788,0.687,0.784,0.4243
Node50,5,6,116,1.0,0.85,0.498,0.423
Node35,3,9,361,0.788,0.687,0.781,0.4228
Node30,34,3,171,0.456,1.0,0.927,0.4227
Node61,3,7,142,1.0,0.483,0.874,0.4218
Node50,5,6,369,0.648,0.85,0.766,0.4214
Node35,3,9,80,1.0,0.524,0.802,0.42
Node62,4,3,135,0.812,0.788,0.656,0.4196
Node61,3,7,368,0.788,0.574,0.923,0.4169
Node15,7,3,47,0.8,0.769,0.677,0.4163
Node50,5,6,166,0.833,0.85,0.588,0.416
Node30,34,3,113,0.656,1.0,0.632,0.4146
Node36,3,6,158,1.0,0.556,0.745,0.4142
Node35,3,9,368,1.0,0.492,0.842,0.4139
Node31,37,3,75,0.467,1.0,0.884,0.4126
Node50,5,6,134,0.833,0.85,0.581,0.411
Node50,5,6,131,0.683,0.788,0.764,0.4106
Node31,37,3,171,0.444,1.0,0.923,0.4095
Node31,37,3,39,0.412,1.0,0.993,0.4095
Node62,4,3,370,0.812,0.788,0.64,0.4092
Node35,3,9,53,1.0,0.511,0.8,0.409
Node35,3,9,138,1.0,0.511,0.792,0.405
Node31,37,3,350,0.46,1.0,0.88,0.4047
Node50,5,6,112,0.683,0.85,0.697,0.4045
Node35,3,9,62,1.0,0.492,0.822,0.4041
Node62,4,3,136,0.812,0.788,0.632,0.4041
Node35,3,9,103,0.788,0.594,0.863,0.4039
Node31,37,3,150,0.517,1.0,0.78,0.4035
Node36,3,6,169,0.788,0.71,0.721,0.4035
Node50,5,6,360,0.833,0.85,0.569,0.4028
Node35,3,9,381,1.0,0.537,0.747,0.4012
Node50,5,6,364,0.833,0.85,0.567,0.401
Node36,3,6,165,0.788,0.71,0.717,0.401
Node35,3,9,45,1.0,0.562,0.713,0.4009
Node62,4,3,104,1.0,0.788,0.509,0.4005
Node3,28,4,62,0.633,0.812,0.777,0.3996
Node50,5,6,165,0.833,0.85,0.564,0.3988
Node49,4,11,114,0.812,1.0,0.49,0.3979
Node15,7,3,39,1.0,1.0,0.398,0.3977
Node35,3,9,351,1.0,0.492,0.807,0.3967
Node62,4,3,360,0.812,0.788,0.616,0.3938
Node34,4,12,87,1.0,0.588,0.665,0.391
Node35,3,9,151,1.0,0.511,0.765,0.3908
Node15,7,3,380,0.64,1.0,0.609,0.3897
Node15,7,3,164,0.772,1.0,0.503,0.3885
Node35,3,9,70,1.0,0.472,0.82,0.3871
Node61,3,7,45,0.788,0.681,0.72,0.3864
Node30,34,3,109,0.484,1.0,0.797,0.386
Node61,3,7,96,1.0,0.483,0.8,0.386
Node49,4,11,366,1.0,0.612,0.63,0.3858
Node30,34,3,169,0.404,1.0,0.954,0.3855
Node61,3,7,356,0.788,0.681,0.717,0.3843
Node35,3,9,99,1.0,0.421,0.91,0.3829
Node62,4,3,133,1.0,0.788,0.485,0.3822
Node31,37,3,135,0.455,1.0,0.839,0.382
Node61,3,7,173,1.0,0.8,0.475,0.3803
Node31,37,3,110,0.381,1.0,0.995,0.3794
Node35,3,9,139,0.788,0.594,0.81,0.3792
Node50,5,6,45,0.683,0.85,0.653,0.3789
Node30,34,3,54,0.601,0.788,0.798,0.3781
Node50,5,6,51,0.683,0.788,0.703,0.3778
Node35,3,9,120,1.0,0.421,0.894,0.3764
Node5,12,12,80,0.725,0.811,0.64,0.3763
Node15,7,3,169,0.8,0.633,0.74,0.3751
Node35,3,9,152,1.0,0.524,0.713,0.3734
Node30,34,3,357,0.589,0.788,0.805,0.3731
Node50,5,6,113,0.833,0.85,0.525,0.3718
Node30,34,3,368,0.508,1.0,0.731,0.3716
Node49,4,11,163,1.0,0.536,0.692,0.3712
Node31,37,3,360,0.453,1.0,0.819,0.3708
Node62,4,3,140,0.812,0.788,0.578,0.3698
Node30,34,3,165,0.522,0.788,0.898,0.3693
Node31,37,3,130,0.408,1.0,0.901,0.3677
Node31,37,3,162,0.571,1.0,0.644,0.3675
Node34,4,12,110,1.0,0.578,0.636,0.3673
Node36,3,6,62,0.788,0.662,0.702,0.366
Node50,5,6,176,0.833,0.71,0.617,0.3654
Node5,12,12,52,0.655,0.811,0.687,0.3649
Node31,37,3,102,0.438,1.0,0.83,0.3636
Node34,4,12,50,0.769,0.904,0.523,0.3635
Node62,4,3,107,1.0,0.788,0.459,0.3613
Node49,4,11,352,0.769,0.898,0.523,0.3612
Node5,12,12,129,0.618,0.759,0.765,0.359
Node50,5,6,145,0.648,0.788,0.7,0.3573
Node3,28,4,367,0.699,0.653,0.781,0.3569
Node61,3,7,174,0.788,0.681,0.663,0.3557
Node15,7,3,94,0.64,0.788,0.706,0.3555
Node15,7,3,162,0.8,0.788,0.564,0.3552
Node15,7,3,382,0.769,1.0,0.461,0.3541
Node49,4,11,39,0.788,0.833,0.54,0.354
Node35,3,9,373,0.788,0.646,0.692,0.352
Node35,3,9,162,0.788,0.717,0.623,0.3517
Node15,7,3,41,0.8,0.769,0.572,0.3517
Node30,34,3,68,0.662,0.788,0.674,0.351
Node30,34,3,112,0.653,0.633,0.844,0.3494
Node15,7,3,64,0.8,0.769,0.568,0.3492
Node30,34,3,141,0.587,0.788,0.754,0.3485
Node30,34,3,354,0.357,1.0,0.975,0.3483
Node50,5,6,361,0.683,0.85,0.6,0.3481
Node34,4,12,40,1.0,0.422,0.824,0.3473
Node31,37,3,117,0.573,1.0,0.606,0.3468
Node50,5,6,349,0.833,0.788,0.527,0.346
Node15,7,3,75,0.64,0.788,0.686,0.3454
Node5,12,12,95,0.672,0.725,0.707,0.3444
Node62,4,3,60,0.812,0.788,0.538,0.3443
Node30,34,3,95,0.415,1.0,0.827,0.3434
Node36,3,6,53,1.0,0.585,0.586,0.3432
Node35,3,9,166,1.0,0.44,0.779,0.3427
Node50,5,6,359,0.833,0.85,0.484,0.3427
Node31,37,3,98,0.688,0.788,0.63,0.3418
Node35,3,9,380,1.0,0.555,0.615,0.3417
Node15,7,3,134,0.64,1.0,0.534,0.3415
Node62,4,3,79,0.812,0.788,0.534,0.3414
Node15,7,3,173,0.64,1.0,0.534,0.3414
Node62,4,3,92,0.812,0.788,0.531,0.3396
Node35,3,9,118,0.788,0.788,0.547,0.3392
Node30,34,3,350,0.47,0.788,0.915,0.339
Node61,3,7,79,1.0,0.574,0.591,0.3389
Node50,5,6,362,0.833,0.85,0.475,0.3364
Node5,12,12,349,0.746,0.904,0.498,0.3359
Node36,3,6,166,1.0,0.479,0.701,0.3358
Node61,3,7,66,0.788,0.574,0.742,0.3354
Node36,3,6,97,1.0,0.479,0.698,0.3345
Node62,4,3,352,0.812,0.788,0.523,0.3343
Node49,4,11,80,0.812,0.688,0.594,0.332
Node30,34,3,159,0.343,1.0,0.967,0.3318
Node33,50,15,147,0.553,0.715,0.839,0.3315
Node15,7,3,362,0.772,0.633,0.678,0.3314
Node31,37,3,364,0.447,1.0,0.74,0.3307
Node30,34,3,158,0.475,1.0,0.694,0.3298
Node61,3,7,54,1.0,0.417,0.791,0.3293
Node61,3,7,169,0.788,0.574,0.728,0.329
Node34,4,12,44,0.812,0.624,0.649,0.3287
Node30,34,3,69,0.489,0.788,0.852,0.3281
Node36,3,6,152,0.788,0.71,0.585,0.3271
Node35,3,9,48,0.788,0.575,0.719,0.3255
Node3,28,4,47,0.605,0.653,0.824,0.3252
Node3,28,4,77,0.71,0.769,0.595,0.3247
Node3,28,4,64,0.524,0.812,0.76,0.3233
Node62,4,3,368,0.812,0.788,0.501,0.3202
Node49,4,11,172,0.812,0.612,0.641,0.3189
Node62,4,3,375,0.812,1.0,0.391,0.318
Node35,3,9,137,1.0,0.492,0.644,0.3167
Node31,37,3,362,0.377,1.0,0.839,0.3164
Node35,3,9,354,1.0,0.421,0.751,0.3162
Node30,34,3,369,0.368,1.0,0.859,0.3161
Node15,7,3,359,0.64,0.788,0.627,0.3161
Node49,4,11,380,0.812,1.0,0.388,0.3154
Node5,12,12,364,0.471,0.904,0.738,0.3147
Node30,34,3,48,0.417,0.788,0.957,0.3145
Node15,7,3,114,0.8,0.633,0.62,0.3141
Node62,4,3,118,0.812,0.788,0.491,0.314
Node4,24,4,349,0.598,0.769,0.68,0.3126
Node4,24,4,44,0.527,0.653,0.907,0.3121
Node62,4,3,83,0.812,0.788,0.486,0.3107
Node35,3,9,121,0.788,0.524,0.751,0.3095
Node15,7,3,92,0.772,0.788,0.509,0.3093
Node30,34,3,166,0.331,1.0,0.935,0.3091
Node3,28,4,142,0.814,0.653,0.58,0.3081
Node30,34,3,80,0.428,1.0,0.719,0.3079
Node30,34,3,107,0.351,1.0,0.877,0.3075
Node50,5,6,353,0.833,0.85,0.434,0.3074
Node30,34,3,375,0.346,1.0,0.884,0.3054
Node35,3,9,175,0.788,0.472,0.811,0.3014
Node30,34,3,114,0.355,1.0,0.847,0.3006
Node31,37,3,175,0.481,1.0,0.625,0.3005
Node61,3,7,131,0.788,0.665,0.573,0.3002
Node31,37,3,133,0.718,1.0,0.418,0.2998
Node30,34,3,374,0.323,1.0,0.927,0.2992
Node4,24,4,76,0.705,0.812,0.522,0.2991
Node62,4,3,171,0.812,0.788,0.466,0.2981
Node61,3,7,133,1.0,0.863,0.345,0.298
Node62,4,3,115,0.812,1.0,0.366,0.2969
Node62,4,3,114,0.812,0.788,0.464,0.2967
Node31,37,3,114,0.381,1.0,0.778,0.2964
Node33,50,15,137,0.575,1.0,0.515,0.2963
Node15,7,3,121,0.8,0.788,0.469,0.2959
Node35,3,9,77,1.0,0.616,0.479,0.2952
Node31,37,3,113,0.638,1.0,0.463,0.2951
Node62,4,3,134,0.812,0.788,0.461,0.2948
Node15,7,3,44,0.64,1.0,0.459,0.2937
Node15,7,3,555,1.0,1.0,0.293,0.2929
Node35,3,9,362,0.788,0.492,0.755,0.2922
Node31,37,3,47,0.477,0.788,0.778,0.2921
Node3,28,4,100,0.731,0.653,0.612,0.2921
Node32,40,10,71,0.734,0.891,0.446,0.2919
Node34,4,12,114,1.0,0.788,0.37,0.2914
Node62,4,3,54,0.653,0.633,0.703,0.2908
Node32,40,10,60,0.587,0.685,0.72,0.2895
Node62,4,3,173,1.0,0.788,0.367,0.2891
Node62,4,3,172,0.812,0.788,0.452,0.289
Node62,4,3,142,0.653,0.788,0.561,0.2887
Node31,37,3,381,0.494,1.0,0.582,0.2872
Node15,7,3,373,0.772,0.769,0.48,0.285
Node35,3,9,136,1.0,0.369,0.761,0.2811
Node30,34,3,353,0.298,1.0,0.944,0.2808
Node61,3,7,370,0.788,0.574,0.62,0.2802
Node49,4,11,101,0.812,0.8,0.43,0.2796
Node35,3,9,377,0.633,0.687,0.642,0.2793
Node30,34,3,84,0.591,1.0,0.472,0.2788
Node15,7,3,145,0.64,0.788,0.552,0.2779
Node30,34,3,352,0.602,0.633,0.729,0.2779
Node35,3,9,167,0.788,0.511,0.689,0.2773
Node35,3,9,172,0.788,0.44,0.799,0.277
Node50,5,6,120,0.833,0.85,0.391,0.2767
Node62,4,3,120,0.812,0.788,0.431,0.2759
Node49,4,11,379,0.812,1.0,0.339,0.2756
Node30,34,3,116,0.368,1.0,0.75,0.2756
Node36,3,6,76,0.788,0.585,0.597,0.2754
Node50,5,6,42,0.555,0.85,0.584,0.2754
Node30,34,3,101,0.301,1.0,0.914,0.2752
Node50,5,6,350,0.833,0.71,0.465,0.2752
Node31,37,3,131,0.381,0.788,0.916,0.275
Node3,28,4,84,0.658,0.812,0.514,0.2746
Node31,37,3,80,0.411,1.0,0.664,0.2732
Node30,34,3,355,0.455,0.788,0.762,0.273
Node15,7,3,556,1.0,1.0,0.273,0.2729
Node5,12,12,118,0.494,0.721,0.765,0.2722
Node30,34,3,172,0.394,0.788,0.867,0.2693
Node30,34,3,376,0.769,0.788,0.445,0.2691
Node15,7,3,386,1.0,1.0,0.268,0.268
Node61,3,7,146,1.0,0.574,0.466,0.2673
Node33,50,15,82,0.649,0.869,0.474,0.2669
Node35,3,9,102,0.788,0.44,0.769,0.2668
Node49,4,11,374,0.812,1.0,0.328,0.2664
Node5,12,12,361,0.525,0.904,0.561,0.2663
Node35,3,9,353,0.788,0.492,0.687,0.266
Node31,37,3,353,0.281,1.0,0.946,0.2656
Node35,3,9,119,0.788,0.472,0.714,0.2654
Node61,3,7,162,1.0,0.665,0.398,0.2646
Node31,37,3,374,0.305,1.0,0.868,0.2642
Node31,37,3,355,0.383,1.0,0.688,0.2635
Node30,34,3,138,0.343,1.0,0.768,0.2633
Node62,4,3,385,1.0,1.0,0.263,0.2631
Node15,7,3,363,0.772,1.0,0.34,0.2627
Node35,3,9,101,0.788,0.511,0.652,0.2625
Node15,7,3,88,0.8,0.633,0.518,0.2625
Node4,24,4,132,0.582,0.812,0.554,0.2621
Node30,34,3,359,0.308,1.0,0.85,0.2618
Node30,34,3,136,0.332,1.0,0.787,0.2614
Node50,5,6,65,0.833,0.85,0.368,0.2605
Node35,3,9,112,1.0,0.788,0.33,0.2602
Node49,4,11,167,0.812,0.612,0.519,0.258
Node15,7,3,159,0.64,0.633,0.636,0.2578
Node4,24,4,51,0.494,0.653,0.798,0.2575
Node31,37,3,375,0.304,1.0,0.845,0.2573
Node3,28,4,87,0.446,0.812,0.711,0.2572
Node50,5,6,47,0.683,0.71,0.528,0.2563
Node49,4,11,367,0.812,0.8,0.393,0.2552
Node4,24,4,98,0.874,0.653,0.447,0.2551
Node3,28,4,373,0.478,0.788,0.677,0.2548
Node62,4,3,150,0.812,0.788,0.398,0.2546
Node31,37,3,79,0.347,1.0,0.731,0.2537
Node30,34,3,108,0.306,1.0,0.829,0.2536
Node62,4,3,131,0.812,0.788,0.396,0.2535
Node35,3,9,83,1.0,0.565,0.448,0.2534
Node61,3,7,65,1.0,0.681,0.372,0.2533
Node15,7,3,60,0.772,0.769,0.422,0.2506
Node62,4,3,98,0.812,0.788,0.391,0.2502
Node5,12,12,177,0.68,0.811,0.454,0.2502
Node62,4,3,356,0.812,0.788,0.39,0.2493
Node3,28,4,354,0.422,0.769,0.766,0.2484
Node31,37,3,173,0.345,1.0,0.717,0.2473
Node50,5,6,86,1.0,0.71,0.347,0.2462
Node35,3,9,76,1.0,0.492,0.501,0.2461
Node3,28,4,149,0.42,0.812,0.721,0.246
Node15,7,3,353,0.64,0.788,0.487,0.2456
Node30,34,3,40,0.369,0.788,0.844,0.2452
Node31,37,3,83,0.556,0.788,0.559,0.2446
Node50,5,6,151,0.833,1.0,0.293,0.2441
Node50,5,6,80,1.0,0.85,0.287,0.2437
Node15,7,3,55,0.64,0.769,0.495,0.2435
Node15,7,3,374,0.8,0.769,0.396,0.2433
Node3,28,4,79,0.486,0.653,0.764,0.2424
Node31,37,3,149,0.345,1.0,0.702,0.2424
Node3,28,4,139,0.42,0.812,0.708,0.2418
Node62,4,3,99,0.812,0.788,0.377,0.2414
Node31,37,3,65,0.282,1.0,0.857,0.2412
Node50,5,6,130,0.683,0.85,0.415,0.2406
Node36,3,6,59,0.788,0.85,0.36,0.2405
Node15,7,3,110,1.0,0.633,0.38,0.2405
Node32,40,10,96,0.709,0.546,0.62,0.24
Node49,4,11,150,0.653,0.77,0.476,0.2395
Node35,3,9,374,0.788,0.472,0.644,0.2394
Node31,37,3,40,0.333,0.788,0.911,0.2389
Node62,4,3,382,1.0,1.0,0.237,0.2375
Node36,3,6,45,0.788,0.662,0.455,0.2372
Node35,3,9,40,0.633,0.555,0.673,0.2366
Node5,12,12,162,0.653,1.0,0.362,0.236
Node49,4,11,86,0.653,0.612,0.589,0.2353
Node62,4,3,149,0.812,0.788,0.368,0.2351
Node31,37,3,120,0.28,1.0,0.839,0.2351
Node15,7,3,118,0.64,1.0,0.367,0.2348
Node15,7,3,385,1.0,1.0,0.234,0.2344
Node35,3,9,38,0.633,0.633,0.584,0.2342
Node62,4,3,78,0.812,0.788,0.366,0.2342
Node32,40,10,64,0.471,0.656,0.753,0.2329
Node49,4,11,146,0.812,0.8,0.357,0.232
Node15,7,3,383,0.769,0.769,0.392,0.2313
Node30,34,3,135,0.473,0.633,0.772,0.2313
Node35,3,9,108,0.788,0.483,0.608,0.2312
Node30,34,3,173,0.348,1.0,0.663,0.2312
Node33,50,15,139,0.38,0.652,0.935,0.2312
Node15,7,3,371,1.0,0.633,0.363,0.2301
Node61,3,7,41,0.788,0.417,0.7,0.2296
Node49,4,11,372,0.812,1.0,0.282,0.2289
Node35,3,9,115,1.0,0.594,0.385,0.2288
Node50,5,6,175,0.683,0.71,0.469,0.2273
Node50,5,6,149,0.683,0.85,0.391,0.2271
Node15,7,3,119,0.64,0.788,0.449,0.2263
Node5,12,12,99,0.812,0.904,0.306,0.2247
Node31,37,3,119,0.294,1.0,0.763,0.2247
Node61,3,7,122,1.0,1.0,0.224,0.2242
Node62,4,3,77,1.0,0.788,0.283,0.2226
Node61,3,7,70,1.0,0.574,0.388,0.2226
Node62,4,3,109,0.812,0.788,0.347,0.2223
Node62,4,3,74,0.812,0.788,0.347,0.222
Node50,5,6,108,0.683,0.85,0.382,0.2218
Node30,34,3,65,0.298,1.0,0.743,0.2214
Node62,4,3,108,0.812,0.788,0.344,0.2203
Node4,24,4,134,0.502,0.653,0.672,0.2203
Node15,7,3,138,0.64,0.633,0.542,0.2197
Node49,4,11,115,0.812,0.626,0.432,0.2194
Node30,34,3,79,0.37,1.0,0.592,0.219
Node62,4,3,380,1.0,1.0,0.217,0.2175
Node49,4,11,62,0.653,0.746,0.445,0.2169
Node49,4,11,158,0.812,0.612,0.434,0.2155
Node5,12,12,363,0.704,0.904,0.339,0.2154
Node3,28,4,136,0.4,0.812,0.662,0.2153
Node49,4,11,164,0.812,0.586,0.452,0.2151
Node35,3,9,169,0.788,0.524,0.521,0.2147
Node15,7,3,352,0.8,1.0,0.268,0.2146
Node4,24,4,166,0.437,0.769,0.638,0.2142
Node33,50,15,38,0.472,0.681,0.665,0.2138
Node35,3,9,98,0.788,0.492,0.552,0.2137
Node5,12,12,60,0.626,0.904,0.378,0.2137
Node15,7,3,62,0.64,0.769,0.434,0.2136
Node15,7,3,151,0.8,1.0,0.266,0.213
Node49,4,11,159,0.812,0.77,0.34,0.2129
Node30,34,3,120,0.297,1.0,0.716,0.2124
Node34,4,12,151,0.812,0.508,0.513,0.2117
Node3,28,4,56,0.823,0.812,0.317,0.2116
Node15,7,3,165,0.772,1.0,0.274,0.2113
Node31,37,3,140,0.269,1.0,0.781,0.2104
Node61,3,7,97,1.0,0.508,0.414,0.2103
Node50,5,6,354,0.833,0.71,0.354,0.2095
Node30,34,3,131,0.442,0.633,0.748,0.2094
Node15,7,3,351,0.8,0.633,0.412,0.2086
Node35,3,9,382,1.0,0.633,0.329,0.2086
Node35,3,9,375,0.788,0.562,0.471,0.2085
Node36,3,6,374,0.788,0.556,0.475,0.2081
Node30,34,3,117,0.55,1.0,0.378,0.2079
Node3,28,4,98,0.781,0.812,0.324,0.2056
Node35,3,9,41,0.633,0.648,0.498,0.2045
Node31,37,3,147,0.537,1.0,0.379,0.2035
Node5,12,12,145,0.484,0.759,0.553,0.2032
Node30,34,3,88,0.264,1.0,0.767,0.2029
Node35,3,9,363,0.788,0.769,0.335,0.2028
Node50,5,6,54,0.648,0.71,0.439,0.2021
Node50,5,6,117,0.833,0.85,0.286,0.2021
Node30,34,3,132,0.387,0.788,0.663,0.2019
Node33,50,15,377,0.567,0.775,0.458,0.2014
Node62,4,3,366,0.812,0.788,0.314,0.2009
Node49,4,11,70,0.812,0.452,0.545,0.2001
Node3,28,4,97,0.621,0.653,0.491,0.199
Node62,4,3,164,1.0,0.788,0.253,0.199
Node30,34,3,78,0.747,0.788,0.336,0.1978
Node49,4,11,103,0.812,0.898,0.27,0.1969
Node3,28,4,380,0.709,1.0,0.278,0.1968
Node30,34,3,41,0.382,0.788,0.653,0.1964
Node62,4,3,178,0.812,0.788,0.305,0.1951
Node49,4,11,138,0.812,0.612,0.392,0.195
Node33,50,15,110,0.412,0.59,0.802,0.1948
Node34,4,12,356,0.812,0.725,0.33,0.1942
Node30,34,3,134,0.327,0.788,0.755,0.1941
Node49,4,11,375,0.812,1.0,0.238,0.1937
Node31,37,3,132,0.371,1.0,0.521,0.1931
Node35,3,9,86,1.0,0.389,0.497,0.193
Node50,5,6,158,1.0,0.71,0.27,0.1921
Node32,40,10,137,0.56,0.891,0.384,0.1919
Node36,3,6,98,0.788,0.556,0.438,0.1919
Node35,3,9,176,1.0,0.492,0.39,0.1916
Node3,28,4,117,0.714,0.537,0.498,0.1912
Node15,7,3,108,0.8,0.633,0.376,0.1904
Node15,7,3,350,0.64,0.633,0.47,0.1903
Node30,34,3,121,0.321,0.788,0.751,0.1899
Node35,3,9,165,1.0,0.524,0.362,0.1896
Node34,4,12,54,0.812,0.812,0.287,0.1893
Node50,5,6,357,1.0,0.85,0.222,0.1888
Node5,12,12,164,0.624,1.0,0.301,0.1881
Node62,4,3,374,0.812,1.0,0.231,0.1873
Node31,37,3,51,0.371,0.788,0.64,0.1867
Node31,37,3,373,0.357,1.0,0.517,0.1847
Node35,3,9,109,0.633,0.524,0.556,0.1843
Node32,40,10,178,0.535,0.796,0.432,0.1842
Node35,3,9,42,1.0,0.653,0.281,0.1832
Node62,4,3,169,0.653,0.788,0.356,0.1832
Node3,28,4,352,0.746,0.537,0.457,0.1831
Node3,28,4,169,0.429,0.653,0.651,0.1824
Node30,34,3,162,0.649,0.633,0.441,0.1814
Node15,7,3,557,0.769,1.0,0.235,0.1804
Node15,7,3,166,0.8,0.633,0.356,0.1804
Node62,4,3,372,1.0,1.0,0.18,0.18
Node30,34,3,149,0.367,1.0,0.488,0.1794
Node15,7,3,51,0.64,0.769,0.363,0.1786
Node30,34,3,364,0.434,1.0,0.41,0.178
Node31,37,3,178,0.515,1.0,0.345,0.1777
Node15,7,3,370,0.64,1.0,0.278,0.1777
Node36,3,6,379,1.0,0.683,0.26,0.1776
Node4,24,4,37,0.633,1.0,0.28,0.1775
Node5,12,12,114,0.471,0.904,0.416,0.1773
Node30,34,3,349,0.412,0.788,0.546,0.1772
Node5,12,12,175,0.641,0.904,0.305,0.1767
Node3,28,4,368,0.61,0.653,0.442,0.1762
Node62,4,3,369,0.653,0.633,0.425,0.1759
Node62,4,3,351,0.653,0.633,0.423,0.175
Node15,7,3,150,0.772,1.0,0.226,0.1745
Node31,37,3,62,0.603,0.788,0.367,0.174
Node15,7,3,85,1.0,0.788,0.22,0.1736
Node62,4,3,41,0.653,0.633,0.419,0.1731
Node15,7,3,122,0.64,0.788,0.343,0.173
Node62,4,3,66,0.812,0.633,0.336,0.1729
Node61,3,7,150,0.788,0.574,0.382,0.1728
Node62,4,3,384,1.0,1.0,0.173,0.1728
Node62,4,3,146,0.812,0.633,0.336,0.1727
Node62,4,3,162,0.812,0.788,0.269,0.1722
Node35,3,9,140,0.788,0.44,0.492,0.1704
Node35,3,9,158,0.788,0.492,0.44,0.1702
Node61,3,7,38,1.0,1.0,0.169,0.1693
Node15,7,3,102,1.0,0.633,0.267,0.1692
Node30,34,3,178,0.493,1.0,0.344,0.1692
Node34,4,12,123,1.0,1.0,0.169,0.1688
Node3,28,4,130,0.515,0.653,0.501,0.1686
Node3,28,4,175,0.569,0.653,0.453,0.1685
Node35,3,9,178,1.0,0.594,0.283,0.1681
Node36,3,6,77,0.788,0.71,0.3,0.1679
Node32,40,10,174,0.69,0.637,0.382,0.1679
Node33,50,15,116,0.363,0.645,0.711,0.1669
Node35,3,9,358,1.0,0.717,0.232,0.1665
Node36,3,6,100,1.0,0.479,0.348,0.1665
Node62,4,3,76,0.812,0.788,0.259,0.1658
Node35,3,9,135,0.788,0.44,0.477,0.1655
Node62,4,3,63,1.0,0.788,0.21,0.1655
Node15,7,3,384,1.0,0.769,0.215,0.1649
Node36,3,6,137,0.788,0.662,0.316,0.1648
Node32,40,10,51,0.331,0.686,0.725,0.1647
Node49,4,11,37,0.788,1.0,0.208,0.1641
Node34,4,12,48,0.812,0.518,0.388,0.1633
Node4,24,4,84,0.728,0.653,0.342,0.1628
Node30,34,3,123,0.463,0.788,0.446,0.1626
Node30,34,3,373,0.388,0.788,0.531,0.1624
Node49,4,11,171,0.812,0.77,0.26,0.1624
Node62,4,3,100,1.0,1.0,0.162,0.1623
Node15,7,3,115,0.8,0.788,0.257,0.1617
Node30,34,3,360,0.46,1.0,0.351,0.1616
Node32,40,10,170,0.658,0.732,0.335,0.1612
Node49,4,11,162,0.812,0.688,0.288,0.161
Node35,3,9,359,0.788,0.369,0.553,0.1609
Node36,3,6,60,0.788,0.662,0.309,0.1609
Node49,4,11,40,0.788,0.71,0.284,0.1591
Node62,4,3,158,0.812,0.788,0.248,0.1589
Node3,28,4,379,0.56,0.769,0.366,0.1577
Node30,34,3,118,0.302,0.633,0.818,0.1565
Node3,28,4,383,0.479,1.0,0.325,0.1558
Node34,4,12,166,0.812,0.455,0.421,0.1557
Node33,50,15,114,0.326,0.756,0.631,0.1556
Node36,3,6,108,0.788,0.653,0.302,0.1551
Node36,3,6,174,0.633,0.71,0.344,0.1546
Node36,3,6,66,0.788,0.556,0.35,0.1535
Node15,7,3,366,0.772,0.788,0.252,0.1533
Node50,5,6,90,0.775,1.0,0.197,0.1525
Node4,24,4,360,0.614,0.812,0.305,0.1523
Node49,4,11,65,0.812,0.694,0.27,0.152
Node34,4,12,351,0.653,0.431,0.54,0.1519
Node34,4,12,80,0.812,0.455,0.411,0.1518
Node62,4,3,381,1.0,1.0,0.15,0.1504
Node32,40,10,97,0.467,0.59,0.544,0.1499
Node4,24,4,178,0.563,0.812,0.328,0.1499
Node36,3,6,82,1.0,0.662,0.225,0.1493
Node34,4,12,142,0.653,0.624,0.366,0.1491
Node31,37,3,88,0.268,1.0,0.556,0.149
Node4,24,4,131,0.595,0.653,0.383,0.1488
Node35,3,9,60,1.0,0.492,0.303,0.1488
Node5,12,12,69,0.633,0.811,0.289,0.1483
Node62,4,3,364,0.812,0.788,0.23,0.1473
Node61,3,7,161,0.788,0.734,0.254,0.1467
Node36,3,6,67,0.788,0.662,0.28,0.1461
Node50,5,6,95,0.833,0.71,0.246,0.1455
Node34,4,12,77,0.812,0.618,0.289,0.1449
Node31,37,3,368,0.533,1.0,0.271,0.1443
Node30,34,3,133,0.809,0.633,0.281,0.1442
Node31,37,3,176,0.307,0.788,0.595,0.144
Node3,28,4,353,0.398,0.653,0.554,0.1439
Node15,7,3,135,0.64,0.788,0.285,0.1437
Node31,37,3,158,0.472,1.0,0.302,0.1425
Node5,12,12,379,0.811,0.842,0.208,0.1417
Node49,4,11,73,0.812,0.694,0.25,0.1411
Node35,3,9,39,0.633,0.537,0.414,0.1408
Node5,12,12,151,0.693,0.759,0.265,0.1397
Node31,37,3,116,0.362,1.0,0.385,0.1394
Node30,34,3,82,0.689,0.788,0.256,0.139
Node31,37,3,145,0.277,0.788,0.638,0.1389
Node15,7,3,129,0.8,0.788,0.22,0.1387
Node33,50,15,373,0.296,0.833,0.561,0.1382
Node62,4,3,70,0.653,0.788,0.268,0.1381
Node50,5,6,77,0.683,1.0,0.202,0.138
Node36,3,6,366,1.0,0.85,0.162,0.1379
Node34,4,12,386,1.0,1.0,0.137,0.1374
Node36,3,6,167,0.788,0.585,0.298,0.1373
Node31,37,3,138,0.302,0.788,0.575,0.1368
Node36,3,6,38,1.0,0.769,0.177,0.1364
Node31,37,3,99,0.647,0.788,0.267,0.1361
Node5,12,12,137,0.725,0.904,0.207,0.1358
Node36,3,6,103,0.788,0.662,0.26,0.1356
Node62,4,3,386,1.0,1.0,0.135,0.1352
Node34,4,12,100,0.653,0.455,0.453,0.1347
Node35,3,9,133,0.788,0.772,0.22,0.1339
Node15,7,3,140,0.64,0.633,0.329,0.1332
Node49,4,11,370,0.812,0.71,0.231,0.133
Node36,3,6,360,0.788,0.479,0.352,0.133
Node62,4,3,373,0.812,1.0,0.163,0.132
Node35,3,9,69,0.788,0.472,0.354,0.1318
Node4,24,4,357,0.764,0.653,0.264,0.1318
Node35,3,9,66,1.0,0.421,0.313,0.1316
Node31,37,3,121,0.277,1.0,0.472,0.1306
Node3,28,4,120,0.434,0.633,0.473,0.13
Node31,37,3,356,0.488,0.788,0.338,0.13
Node34,4,12,132,0.653,0.486,0.406,0.1289
Node31,37,3,351,0.285,0.633,0.71,0.1283
Node4,24,4,173,0.483,0.769,0.345,0.1281
Node62,4,3,90,0.812,0.788,0.198,0.1269
Node34,4,12,62,0.812,0.431,0.362,0.1269
Node49,4,11,166,0.812,0.612,0.255,0.1268
Node34,4,12,380,1.0,0.642,0.198,0.1268
Node4,24,4,176,0.525,0.537,0.45,0.1267
Node34,4,12,122,1.0,1.0,0.126,0.1263
Node36,3,6,114,0.788,1.0,0.16,0.1261
Node33,50,15,170,0.632,0.645,0.308,0.1257
Node30,34,3,366,0.561,0.788,0.284,0.1255
Node30,34,3,119,0.293,1.0,0.429,0.1254
Node36,3,6,56,0.788,0.662,0.24,0.1253
Node36,3,6,91,1.0,0.633,0.198,0.1252
Node49,4,11,135,0.812,0.51,0.302,0.1249
Node35,3,9,367,0.788,0.44,0.359,0.1246
Node4,24,4,64,0.484,1.0,0.257,0.1245
Node35,3,9,90,0.788,0.369,0.427,0.1241
Node36,3,6,363,0.788,1.0,0.157,0.124
Node30,34,3,361,0.456,0.633,0.429,0.1238
Node35,3,9,147,1.0,0.616,0.2,0.1234
Node50,5,6,44,0.833,0.71,0.208,0.1231
Node3,28,4,80,0.47,0.653,0.4,0.1227
Node61,3,7,73,1.0,0.8,0.153,0.1227
Node36,3,6,367,0.788,0.479,0.325,0.1226
Node3,28,4,370,0.66,0.633,0.292,0.122
Node30,34,3,45,0.527,0.788,0.292,0.1214
Node36,3,6,139,1.0,0.585,0.207,0.1213
Node49,4,11,175,1.0,0.51,0.238,0.1213
Node35,3,9,78,0.788,0.717,0.215,0.1213
Node61,3,7,78,1.0,0.772,0.156,0.1207
Node61,3,7,167,1.0,0.772,0.156,0.1205
Node34,4,12,88,0.812,0.508,0.292,0.1205
Node4,24,4,55,0.429,0.653,0.429,0.1202
Node4,24,4,122,0.448,0.812,0.327,0.1192
Node30,34,3,122,0.363,0.788,0.416,0.1191
Node36,3,6,377,0.788,0.85,0.178,0.1191
Node34,4,12,101,0.812,0.455,0.322,0.119
Node5,12,12,351,0.471,0.759,0.332,0.1189
Node32,40,10,176,0.286,0.732,0.568,0.1189
Node31,37,3,41,0.319,0.633,0.585,0.1182
Node4,24,4,174,0.885,0.653,0.205,0.1182
Node34,4,12,47,0.537,0.655,0.335,0.118
Node15,7,3,136,0.64,0.633,0.291,0.1179
Node34,4,12,45,0.812,0.6,0.241,0.1177
Node3,28,4,382,0.548,1.0,0.214,0.1172
Node15,7,3,113,0.8,0.788,0.186,0.1172
Node62,4,3,112,1.0,0.788,0.149,0.1171
Node4,24,4,377,0.693,0.653,0.257,0.1164
Node30,34,3,129,0.326,0.788,0.453,0.1164
Node34,4,12,382,1.0,0.71,0.163,0.116
Node36,3,6,359,0.788,0.479,0.307,0.1157
Node36,3,6,90,0.633,0.556,0.328,0.1154
Node49,4,11,109,0.812,0.713,0.199,0.1153
Node36,3,6,88,0.788,0.585,0.249,0.1147
Node30,34,3,145,0.315,0.788,0.46,0.1143
Node61,3,7,93,0.788,0.574,0.252,0.1137
Node3,28,4,90,0.523,0.812,0.267,0.1135
Node36,3,6,376,0.788,0.479,0.301,0.1135
Node15,7,3,82,0.64,0.788,0.224,0.1131
Node49,4,11,38,0.788,1.0,0.143,0.1129
Node49,4,11,140,0.653,0.694,0.249,0.1129
Node32,40,10,122,0.36,1.0,0.313,0.1128
Node5,12,12,166,0.433,0.904,0.288,0.1127
Node3,28,4,360,0.562,0.653,0.307,0.1127
Node30,34,3,51,0.369,1.0,0.303,0.112
Node4,24,4,39,0.5,0.537,0.416,0.1117
Node49,4,11,83,0.812,0.688,0.2,0.1117
Node3,28,4,88,0.391,0.653,0.436,0.1114
Node36,3,6,40,0.769,0.633,0.228,0.1111
Node4,24,4,354,0.485,0.812,0.282,0.111
Node3,28,4,381,0.534,1.0,0.207,0.1107
Node4,24,4,77,0.759,0.653,0.223,0.1106
Node3,28,4,349,0.483,0.812,0.281,0.1103
Node49,4,11,362,0.812,0.612,0.222,0.1102
Node30,34,3,137,0.598,1.0,0.184,0.1101
Node35,3,9,61,1.0,0.318,0.346,0.1101
Node61,3,7,88,1.0,0.549,0.2,0.11
Node5,12,12,139,0.508,0.721,0.299,0.1095
Node30,34,3,77,0.639,1.0,0.171,0.1094
Node4,24,4,175,0.561,0.812,0.24,0.1093
Node36,3,6,178,0.788,0.71,0.195,0.1093
Node62,4,3,47,0.653,0.788,0.213,0.1093
Node3,28,4,133,1.0,0.653,0.167,0.109
Node34,4,12,112,0.769,0.812,0.173,0.108
Node5,12,12,115,0.769,0.85,0.165,0.1078
Node35,3,9,171,0.633,0.369,0.461,0.1078
Node36,3,6,119,0.633,0.71,0.239,0.1075
Node36,3,6,41,0.769,0.788,0.177,0.1074
Node50,5,6,115,0.683,0.85,0.184,0.1064
Node34,4,12,172,0.812,0.402,0.326,0.1063
Node34,4,12,385,1.0,0.769,0.138,0.1061
Node15,7,3,90,0.64,0.788,0.21,0.106
Node62,4,3,377,0.812,1.0,0.13,0.1056
Node50,5,6,167,1.0,0.71,0.149,0.1055
Node34,4,12,146,0.653,0.812,0.198,0.1052
Node34,4,12,83,0.653,0.549,0.293,0.105
Node50,5,6,170,1.0,0.71,0.148,0.1049
Node49,4,11,364,0.812,0.612,0.21,0.1045
Node35,3,9,360,0.633,0.369,0.444,0.1039
Node62,4,3,130,0.812,0.788,0.162,0.1034
Node49,4,11,90,0.812,0.842,0.147,0.1007
Node31,37,3,84,0.573,0.788,0.222,0.1004
Node5,12,12,159,0.44,0.904,0.252,0.1003
